name,run,index,step,timestamp,version,cpu_user,cpu_system,cpu_user_system,cpu_idle,cpu_iowait,memory_ram,memory_swap,memory_ram_swap,disk_read_count,disk_write_count,disk_read_bytes,disk_write_bytes,disk_read_time,disk_write_time,disk_busy_time,network_received_count,network_sent_count,network_received_bytes,network_sent_bytes,network_received_error,network_sent_error,network_received_drop,network_sent_drop
rpt-sansa: track2 / joins / join 1-N / join 1-10 100percent,1,1,1,0.0,3,0.0,0.0,0.0,0.0,0.0,0,0,0,0,0,0,0,0,0,0,0,0,0,0,0,0,0,0
rpt-sansa: track2 / joins / join 1-N / join 1-10 100percent,1,2,1,0.1039,3,0.06,0.06,0.12,0.27,0.02,483426304,0,483426304,0,136,0,1183744,0,110,28,0,0,0,0,0,0,0,0
rpt-sansa: track2 / joins / join 1-N / join 1-10 100percent,1,3,1,0.206,3,0.12,0.16,0.28,0.51,0.04,486162432,0,486162432,0,210,0,1617920,0,143,68,0,0,0,0,0,0,0,0
rpt-sansa: track2 / joins / join 1-N / join 1-10 100percent,1,4,1,0.3077,3,0.18,0.18,0.36,0.81,0.04,495759360,0,495759360,0,219,0,1650688,0,147,76,0,0,0,0,0,0,0,0
rpt-sansa: track2 / joins / join 1-N / join 1-10 100percent,1,5,1,0.4097,3,0.27,0.25,0.52,1.05,0.04,495837184,0,495837184,0,227,0,1781760,0,151,88,0,1,0,90,0,0,0,0
rpt-sansa: track2 / joins / join 1-N / join 1-10 100percent,1,6,1,0.5118,3,0.41,0.26,0.6699999999999999,1.31,0.04,504094720,0,504094720,0,227,0,1781760,0,151,88,0,2,0,180,0,0,0,0
rpt-sansa: track2 / joins / join 1-N / join 1-10 100percent,1,7,1,0.6138,3,0.6,0.27,0.87,1.51,0.04,520093696,0,520093696,0,227,0,1781760,0,151,88,0,5,0,486,0,0,0,0
rpt-sansa: track2 / joins / join 1-N / join 1-10 100percent,1,8,1,0.7159,3,0.86,0.3,1.16,1.63,0.04,531189760,0,531189760,0,227,0,1781760,0,151,88,0,5,0,486,0,0,0,0
rpt-sansa: track2 / joins / join 1-N / join 1-10 100percent,1,9,1,0.8178,3,1.17,0.31,1.48,1.72,0.04,545382400,0,545382400,0,227,0,1781760,0,151,88,0,7,0,706,0,0,0,0
rpt-sansa: track2 / joins / join 1-N / join 1-10 100percent,1,10,1,0.9196,3,1.54,0.31,1.85,1.74,0.04,547446784,0,547446784,0,227,0,1781760,0,151,88,0,7,0,706,0,0,0,0
rpt-sansa: track2 / joins / join 1-N / join 1-10 100percent,1,11,1,1.0215,3,1.9,0.32,2.2199999999999998,1.78,0.04,554156032,0,554156032,0,227,0,1781760,0,151,88,0,7,0,706,0,0,0,0
rpt-sansa: track2 / joins / join 1-N / join 1-10 100percent,1,12,1,1.1234,3,2.12,0.33,2.45,1.95,0.04,557510656,0,557510656,0,227,0,1781760,0,151,88,0,7,0,706,0,0,0,0
rpt-sansa: track2 / joins / join 1-N / join 1-10 100percent,1,13,1,1.2253,3,2.42,0.35,2.77,2.07,0.04,559833088,0,559833088,0,227,0,1781760,0,151,88,0,7,0,706,0,0,0,0
rpt-sansa: track2 / joins / join 1-N / join 1-10 100percent,1,14,1,1.3272,3,2.71,0.36,3.07,2.16,0.04,566542336,0,566542336,0,227,0,1781760,0,151,88,0,7,0,706,0,0,0,0
rpt-sansa: track2 / joins / join 1-N / join 1-10 100percent,1,15,1,1.4291,3,3.05,0.38,3.4299999999999997,2.22,0.04,577638400,0,577638400,0,227,0,1781760,0,151,88,0,7,0,706,0,0,0,0
rpt-sansa: track2 / joins / join 1-N / join 1-10 100percent,1,16,1,1.5309,3,3.36,0.4,3.76,2.3,0.04,586153984,0,586153984,0,227,0,1781760,0,151,88,0,7,0,706,0,0,0,0
rpt-sansa: track2 / joins / join 1-N / join 1-10 100percent,1,17,1,1.6328,3,3.6,0.41,4.01,2.45,0.04,588218368,0,588218368,0,227,0,1781760,0,151,88,0,9,0,866,0,0,0,0
rpt-sansa: track2 / joins / join 1-N / join 1-10 100percent,1,18,1,1.7346,3,3.8,0.42,4.22,2.64,0.04,592347136,0,592347136,0,227,0,1781760,0,151,88,0,9,0,866,0,0,0,0
rpt-sansa: track2 / joins / join 1-N / join 1-10 100percent,1,19,1,1.8365,3,3.98,0.44,4.42,2.85,0.04,594411520,0,594411520,0,227,0,1781760,0,151,88,0,9,0,866,0,0,0,0
rpt-sansa: track2 / joins / join 1-N / join 1-10 100percent,1,20,1,1.9383,3,4.2,0.44,4.640000000000001,3.03,0.04,600088576,0,600088576,0,227,0,1781760,0,151,88,0,9,0,866,0,0,0,0
rpt-sansa: track2 / joins / join 1-N / join 1-10 100percent,1,21,1,2.0404,3,4.42,0.46,4.88,3.21,0.04,606023680,0,606023680,0,227,0,1781760,0,151,88,0,9,0,866,0,0,0,0
rpt-sansa: track2 / joins / join 1-N / join 1-10 100percent,1,22,1,2.1424,3,4.62,0.46,5.08,3.4,0.04,612732928,0,612732928,0,227,0,1781760,0,151,88,0,9,0,866,0,0,0,0
rpt-sansa: track2 / joins / join 1-N / join 1-10 100percent,1,23,1,2.2443,3,4.77,0.49,5.26,3.62,0.04,595955712,0,595955712,0,227,0,1781760,0,151,88,0,10,0,956,0,0,0,0
rpt-sansa: track2 / joins / join 1-N / join 1-10 100percent,1,24,1,2.3462,3,4.93,0.49,5.42,3.87,0.04,604987392,0,604987392,0,227,0,1781760,0,151,88,0,10,0,956,0,0,0,0
rpt-sansa: track2 / joins / join 1-N / join 1-10 100percent,1,25,1,2.4486,3,5.14,0.51,5.6499999999999995,4.06,0.04,612212736,0,612212736,0,227,0,1781760,0,151,88,0,10,0,956,0,0,0,0
rpt-sansa: track2 / joins / join 1-N / join 1-10 100percent,1,26,1,2.5505,3,5.47,0.52,5.99,4.12,0.04,618921984,0,618921984,0,227,0,1781760,0,151,88,0,10,0,956,0,0,0,0
rpt-sansa: track2 / joins / join 1-N / join 1-10 100percent,1,27,1,2.6528,3,5.85,0.52,6.369999999999999,4.15,0.04,625631232,0,625631232,0,227,0,1781760,0,151,88,0,10,0,956,0,0,0,0
rpt-sansa: track2 / joins / join 1-N / join 1-10 100percent,1,28,1,2.7546,3,6.2,0.53,6.73,4.2,0.04,632598528,0,632598528,0,228,0,1802240,0,151,92,0,10,0,956,0,0,0,0
rpt-sansa: track2 / joins / join 1-N / join 1-10 100percent,1,29,1,2.8573,3,6.57,0.54,7.11,4.24,0.04,638533632,0,638533632,0,228,0,1802240,0,151,92,0,10,0,956,0,0,0,0
rpt-sansa: track2 / joins / join 1-N / join 1-10 100percent,1,30,1,2.9593,3,6.92,0.55,7.47,4.29,0.04,643952640,0,643952640,0,228,0,1802240,0,151,92,0,10,0,956,0,0,0,0
rpt-sansa: track2 / joins / join 1-N / join 1-10 100percent,1,31,1,3.0611,3,7.26,0.56,7.82,4.36,0.04,647565312,0,647565312,0,228,0,1802240,0,151,92,0,10,0,956,0,0,0,0
rpt-sansa: track2 / joins / join 1-N / join 1-10 100percent,1,32,1,3.163,3,7.57,0.56,8.13,4.43,0.04,655564800,0,655564800,0,228,0,1802240,0,151,92,0,10,0,956,0,0,0,0
rpt-sansa: track2 / joins / join 1-N / join 1-10 100percent,1,33,1,3.265,3,7.88,0.57,8.45,4.52,0.04,660983808,0,660983808,0,228,0,1802240,0,151,92,0,10,0,956,0,0,0,0
rpt-sansa: track2 / joins / join 1-N / join 1-10 100percent,1,34,1,3.3671,3,8.2,0.59,8.79,4.58,0.04,670531584,0,670531584,0,228,0,1802240,0,151,92,0,10,0,956,0,0,0,0
rpt-sansa: track2 / joins / join 1-N / join 1-10 100percent,1,35,1,3.469,3,8.5,0.6,9.1,4.69,0.04,679821312,0,679821312,0,228,0,1802240,0,151,92,0,10,0,956,0,0,0,0
rpt-sansa: track2 / joins / join 1-N / join 1-10 100percent,1,36,1,3.5708,3,8.81,0.64,9.450000000000001,4.74,0.04,696852480,0,696852480,0,228,0,1802240,0,151,92,0,10,0,956,0,0,0,0
rpt-sansa: track2 / joins / join 1-N / join 1-10 100percent,1,37,1,3.6727,3,9.1,0.64,9.74,4.85,0.04,701239296,0,701239296,0,230,0,1884160,0,151,96,0,10,0,956,0,0,0,0
rpt-sansa: track2 / joins / join 1-N / join 1-10 100percent,1,38,1,3.7745,3,9.46,0.64,10.100000000000001,4.9,0.04,702910464,0,702910464,0,230,0,1884160,0,151,96,0,10,0,956,0,0,0,0
rpt-sansa: track2 / joins / join 1-N / join 1-10 100percent,1,39,1,3.8764,3,9.75,0.65,10.4,5.01,0.04,705208320,0,705208320,5,230,69632,1884160,4,151,104,0,10,0,956,0,0,0,0
rpt-sansa: track2 / joins / join 1-N / join 1-10 100percent,1,40,1,3.9784,3,10.05,0.66,10.71,5.1,0.04,707014656,0,707014656,5,230,69632,1884160,4,151,104,0,10,0,956,0,0,0,0
rpt-sansa: track2 / joins / join 1-N / join 1-10 100percent,1,41,1,4.0803,3,10.31,0.67,10.98,5.24,0.04,707788800,0,707788800,5,230,69632,1884160,4,151,104,0,10,0,956,0,0,0,0
rpt-sansa: track2 / joins / join 1-N / join 1-10 100percent,1,42,1,4.1822,3,10.55,0.68,11.23,5.41,0.04,709853184,0,709853184,5,230,69632,1884160,4,151,104,0,10,0,956,0,0,0,0
rpt-sansa: track2 / joins / join 1-N / join 1-10 100percent,1,43,1,4.2844,3,10.79,0.69,11.479999999999999,5.56,0.04,711081984,0,711081984,5,230,69632,1884160,4,151,104,0,10,0,956,0,0,0,0
rpt-sansa: track2 / joins / join 1-N / join 1-10 100percent,1,44,1,4.3863,3,11.1,0.7,11.799999999999999,5.65,0.04,712114176,0,712114176,5,230,69632,1884160,4,151,104,0,10,0,956,0,0,0,0
rpt-sansa: track2 / joins / join 1-N / join 1-10 100percent,1,45,1,4.4884,3,11.18,0.7,11.879999999999999,5.98,0.04,712110080,0,712110080,5,230,69632,1884160,4,151,104,0,10,0,956,0,0,0,0
rpt-sansa: track2 / joins / join 1-N / join 1-10 100percent,1,46,1,4.591,3,11.18,0.7,11.879999999999999,6.39,0.04,712110080,0,712110080,5,230,69632,1884160,4,151,104,0,10,0,956,0,0,0,0
rpt-sansa: track2 / joins / join 1-N / join 1-10 100percent,1,47,1,4.6931,3,11.18,0.7,11.879999999999999,6.79,0.04,712101888,0,712101888,5,230,69632,1884160,4,151,104,0,10,0,956,0,0,0,0
rpt-sansa: track2 / joins / join 1-N / join 1-10 100percent,1,48,1,4.795,3,11.2,0.76,11.959999999999999,7.12,0.05,459124736,0,459124736,5,243,69632,1933312,4,157,116,0,10,0,956,0,0,0,0
rpt-sansa: track2 / joins / join 1-N / join 1-10 100percent,1,49,1,4.897,3,11.21,0.8,12.010000000000002,7.43,0.07,461471744,0,461471744,5,466,69632,3141632,4,353,152,0,2,0,220,0,0,0,0
rpt-sansa: track2 / joins / join 1-N / join 1-10 100percent,5,50,2,5.0015,3,11.0,0.95,11.95,7.86,0.09,472104960,0,472104960,1,555,4096,4096000,1,452,212,12,15,3174,3026,0,0,0,0
rpt-sansa: track2 / joins / join 1-N / join 1-10 100percent,5,51,2,5.1033,3,11.07,1.05,12.120000000000001,8.07,0.11,480247808,0,480247808,1,703,4096,5029888,1,560,264,12,15,3174,3026,0,0,0,0
rpt-sansa: track2 / joins / join 1-N / join 1-10 100percent,5,52,2,5.2056,3,11.12,1.08,12.2,8.35,0.11,499265536,0,499265536,1,710,4096,5050368,1,563,276,12,15,3174,3026,0,0,0,0
rpt-sansa: track2 / joins / join 1-N / join 1-10 100percent,5,53,2,5.3087,3,11.21,1.13,12.34,8.61,0.12,482779136,0,482779136,1,724,4096,5201920,1,572,292,12,16,3174,3116,0,0,0,0
rpt-sansa: track2 / joins / join 1-N / join 1-10 100percent,5,54,2,5.4111,3,11.36,1.15,12.51,8.84,0.12,485015552,0,485015552,1,724,4096,5201920,1,572,292,12,16,3174,3116,0,0,0,0
rpt-sansa: track2 / joins / join 1-N / join 1-10 100percent,5,55,2,5.513,3,11.47,1.18,12.65,9.1,0.12,498843648,0,498843648,1,724,4096,5201920,1,572,292,12,16,3174,3116,0,0,0,0
rpt-sansa: track2 / joins / join 1-N / join 1-10 100percent,5,56,2,5.6154,3,11.73,1.21,12.940000000000001,9.23,0.12,521035776,0,521035776,1,724,4096,5201920,1,572,292,12,16,3174,3116,0,0,0,0
rpt-sansa: track2 / joins / join 1-N / join 1-10 100percent,5,57,2,5.7175,3,11.98,1.23,13.21,9.37,0.12,533164032,0,533164032,1,724,4096,5201920,1,572,292,12,17,3174,3206,0,0,0,0
rpt-sansa: track2 / joins / join 1-N / join 1-10 100percent,5,58,2,5.82,3,12.31,1.25,13.56,9.43,0.12,536776704,0,536776704,1,724,4096,5201920,1,572,292,12,19,3174,3426,0,0,0,0
rpt-sansa: track2 / joins / join 1-N / join 1-10 100percent,5,59,2,5.9218,3,12.6,1.25,13.85,9.55,0.12,541163520,0,541163520,1,724,4096,5201920,1,572,292,12,19,3174,3426,0,0,0,0
rpt-sansa: track2 / joins / join 1-N / join 1-10 100percent,5,60,2,6.0238,3,12.92,1.25,14.17,9.61,0.12,546066432,0,546066432,1,724,4096,5201920,1,572,292,12,19,3174,3426,0,0,0,0
rpt-sansa: track2 / joins / join 1-N / join 1-10 100percent,5,61,2,6.1257,3,13.11,1.26,14.37,9.81,0.12,549163008,0,549163008,1,724,4096,5201920,1,572,292,12,21,3174,3646,0,0,0,0
rpt-sansa: track2 / joins / join 1-N / join 1-10 100percent,5,62,2,6.228,3,13.41,1.27,14.68,9.9,0.12,551227392,0,551227392,1,724,4096,5201920,1,572,292,12,22,3174,3732,0,0,0,0
rpt-sansa: track2 / joins / join 1-N / join 1-10 100percent,5,63,2,6.3301,3,13.74,1.29,15.030000000000001,9.96,0.12,560259072,0,560259072,1,724,4096,5201920,1,572,292,12,22,3174,3732,0,0,0,0
rpt-sansa: track2 / joins / join 1-N / join 1-10 100percent,5,64,2,6.432,3,14.06,1.31,15.370000000000001,10.02,0.12,577806336,0,577806336,1,724,4096,5201920,1,572,292,12,22,3174,3732,0,0,0,0
rpt-sansa: track2 / joins / join 1-N / join 1-10 100percent,5,65,2,6.5339,3,14.35,1.32,15.67,10.13,0.12,580370432,0,580370432,1,724,4096,5201920,1,572,292,12,22,3174,3732,0,0,0,0
rpt-sansa: track2 / joins / join 1-N / join 1-10 100percent,5,66,2,6.6359,3,14.61,1.32,15.93,10.26,0.12,583467008,0,583467008,1,724,4096,5201920,1,572,292,12,22,3174,3732,0,0,0,0
rpt-sansa: track2 / joins / join 1-N / join 1-10 100percent,5,67,2,6.7378,3,14.75,1.32,16.07,10.51,0.12,586305536,0,586305536,1,724,4096,5201920,1,572,292,12,22,3174,3732,0,0,0,0
rpt-sansa: track2 / joins / join 1-N / join 1-10 100percent,5,68,2,6.84,3,14.97,1.33,16.3,10.7,0.12,589144064,0,589144064,1,724,4096,5201920,1,572,292,12,22,3174,3732,0,0,0,0
rpt-sansa: track2 / joins / join 1-N / join 1-10 100percent,5,69,2,6.942,3,15.21,1.34,16.55,10.85,0.12,594563072,0,594563072,1,724,4096,5201920,1,572,292,12,22,3174,3732,0,0,0,0
rpt-sansa: track2 / joins / join 1-N / join 1-10 100percent,5,70,2,7.0445,3,15.42,1.35,16.77,11.05,0.12,603594752,0,603594752,1,724,4096,5201920,1,572,292,12,22,3174,3732,0,0,0,0
rpt-sansa: track2 / joins / join 1-N / join 1-10 100percent,5,71,2,7.1477,3,15.71,1.36,17.07,11.16,0.12,608755712,0,608755712,1,724,4096,5201920,1,572,292,12,22,3174,3732,0,0,0,0
rpt-sansa: track2 / joins / join 1-N / join 1-10 100percent,5,72,2,7.2495,3,15.97,1.37,17.34,11.3,0.12,590745600,0,590745600,1,724,4096,5201920,1,572,292,12,24,3174,3892,0,0,0,0
rpt-sansa: track2 / joins / join 1-N / join 1-10 100percent,5,73,2,7.3515,3,16.23,1.38,17.61,11.42,0.12,602034176,0,602034176,1,724,4096,5201920,1,572,292,12,24,3174,3892,0,0,0,0
rpt-sansa: track2 / joins / join 1-N / join 1-10 100percent,5,74,2,7.4537,3,16.52,1.39,17.91,11.55,0.12,610549760,0,610549760,1,724,4096,5201920,1,572,292,12,24,3174,3892,0,0,0,0
rpt-sansa: track2 / joins / join 1-N / join 1-10 100percent,5,75,2,7.5555,3,16.77,1.42,18.189999999999998,11.68,0.12,614678528,0,614678528,1,724,4096,5201920,1,572,292,12,24,3174,3892,0,0,0,0
rpt-sansa: track2 / joins / join 1-N / join 1-10 100percent,5,76,2,7.6574,3,17.15,1.42,18.57,11.72,0.12,618033152,0,618033152,1,724,4096,5201920,1,572,292,12,24,3174,3892,0,0,0,0
rpt-sansa: track2 / joins / join 1-N / join 1-10 100percent,5,77,2,7.7593,3,17.49,1.43,18.919999999999998,11.77,0.12,622678016,0,622678016,1,725,4096,5206016,1,572,296,12,24,3174,3892,0,0,0,0
rpt-sansa: track2 / joins / join 1-N / join 1-10 100percent,5,78,2,7.8612,3,17.84,1.43,19.27,11.82,0.12,630161408,0,630161408,1,725,4096,5206016,1,572,296,12,24,3174,3892,0,0,0,0
rpt-sansa: track2 / joins / join 1-N / join 1-10 100percent,5,79,2,7.9631,3,18.18,1.44,19.62,11.89,0.12,634032128,0,634032128,1,725,4096,5206016,1,572,296,12,24,3174,3892,0,0,0,0
rpt-sansa: track2 / joins / join 1-N / join 1-10 100percent,5,80,2,8.065,3,18.52,1.45,19.97,11.95,0.12,638676992,0,638676992,1,725,4096,5206016,1,572,296,12,25,3174,3982,0,0,0,0
rpt-sansa: track2 / joins / join 1-N / join 1-10 100percent,5,81,2,8.1669,3,18.77,1.45,20.22,12.09,0.12,648740864,0,648740864,1,725,4096,5206016,1,572,296,13,26,3228,4769,0,0,0,0
rpt-sansa: track2 / joins / join 1-N / join 1-10 100percent,5,82,2,8.2688,3,19.11,1.46,20.57,12.15,0.12,656224256,0,656224256,1,725,4096,5206016,1,572,296,13,26,3228,4769,0,0,0,0
rpt-sansa: track2 / joins / join 1-N / join 1-10 100percent,5,83,2,8.3708,3,19.33,1.47,20.799999999999997,12.32,0.12,663191552,0,663191552,1,725,4096,5206016,1,572,296,13,26,3228,4769,0,0,0,0
rpt-sansa: track2 / joins / join 1-N / join 1-10 100percent,5,84,2,8.4726,3,19.64,1.48,21.12,12.41,0.12,670158848,0,670158848,1,725,4096,5206016,1,572,296,13,26,3228,4769,0,0,0,0
rpt-sansa: track2 / joins / join 1-N / join 1-10 100percent,5,85,2,8.5745,3,19.93,1.51,21.44,12.51,0.12,694931456,0,694931456,1,725,4096,5206016,1,572,296,13,26,3228,4769,0,0,0,0
rpt-sansa: track2 / joins / join 1-N / join 1-10 100percent,5,86,2,8.6764,3,20.2,1.52,21.72,12.61,0.12,701124608,0,701124608,1,727,4096,5287936,1,572,300,13,26,3228,4769,0,0,0,0
rpt-sansa: track2 / joins / join 1-N / join 1-10 100percent,5,87,2,8.7784,3,20.56,1.54,22.099999999999998,12.65,0.12,701124608,0,701124608,1,727,4096,5287936,1,572,300,13,26,3228,4769,0,0,0,0
rpt-sansa: track2 / joins / join 1-N / join 1-10 100percent,5,88,2,8.8812,3,20.86,1.55,22.41,12.74,0.12,702021632,0,702021632,1,727,4096,5287936,1,572,300,13,26,3228,4769,0,0,0,0
rpt-sansa: track2 / joins / join 1-N / join 1-10 100percent,5,89,2,8.984,3,21.16,1.56,22.72,12.85,0.12,704602112,0,704602112,1,727,4096,5287936,1,572,300,13,26,3228,4769,0,0,0,0
rpt-sansa: track2 / joins / join 1-N / join 1-10 100percent,5,90,2,9.0865,3,21.5,1.56,23.06,12.92,0.12,705892352,0,705892352,1,727,4096,5287936,1,572,300,13,26,3228,4769,0,0,0,0
rpt-sansa: track2 / joins / join 1-N / join 1-10 100percent,5,91,2,9.1891,3,21.85,1.57,23.42,12.98,0.12,707174400,0,707174400,1,727,4096,5287936,1,572,300,13,26,3228,4769,0,0,0,0
rpt-sansa: track2 / joins / join 1-N / join 1-10 100percent,5,92,2,9.2924,3,22.18,1.57,23.75,13.05,0.12,710012928,0,710012928,1,727,4096,5287936,1,572,300,13,26,3228,4769,0,0,0,0
rpt-sansa: track2 / joins / join 1-N / join 1-10 100percent,5,93,2,9.3944,3,22.52,1.57,24.09,13.12,0.12,713883648,0,713883648,1,727,4096,5287936,1,572,300,13,26,3228,4769,0,0,0,0
rpt-sansa: track2 / joins / join 1-N / join 1-10 100percent,5,94,2,9.4963,3,22.59,1.57,24.16,13.45,0.12,713883648,0,713883648,1,727,4096,5287936,1,572,300,13,26,3228,4769,0,0,0,0
rpt-sansa: track2 / joins / join 1-N / join 1-10 100percent,5,95,2,9.5983,3,22.59,1.57,24.16,13.86,0.12,713883648,0,713883648,1,727,4096,5287936,1,572,300,13,26,3228,4769,0,0,0,0
rpt-sansa: track2 / joins / join 1-N / join 1-10 100percent,5,96,2,9.7016,3,22.59,1.57,24.16,14.27,0.12,713883648,0,713883648,1,727,4096,5287936,1,572,300,13,26,3228,4769,0,0,0,0
rpt-sansa: track2 / joins / join 1-N / join 1-10 100percent,5,97,2,9.8036,3,22.63,1.63,24.259999999999998,14.59,0.12,462430208,0,462430208,1,741,4096,5337088,1,578,312,13,26,3228,4769,0,0,0,0
rpt-sansa: track2 / joins / join 1-N / join 1-10 100percent,5,98,2,9.9062,3,22.64,1.67,24.310000000000002,14.89,0.14,463462400,0,463462400,1,967,4096,6553600,1,781,352,13,18,3228,4033,0,0,0,0
rpt-sansa: track2 / joins / join 1-N / join 1-10 100percent,4,99,3,9.7949,3,22.25,1.71,23.96,14.71,0.15,472694784,0,472694784,0,971,0,6717440,0,778,352,0,4,0,440,0,0,0,0
rpt-sansa: track2 / joins / join 1-N / join 1-10 100percent,4,100,3,9.8968,3,22.34,1.78,24.12,14.91,0.18,476540928,0,476540928,0,1146,0,8146944,0,907,412,0,4,0,440,0,0,0,0
rpt-sansa: track2 / joins / join 1-N / join 1-10 100percent,4,101,3,9.9987,3,22.41,1.82,24.23,15.2,0.18,485048320,0,485048320,0,1153,0,8167424,0,910,428,0,4,0,440,0,0,0,0
rpt-sansa: track2 / joins / join 1-N / join 1-10 100percent,4,102,3,10.1006,3,22.44,1.84,24.28,15.53,0.19,481026048,0,481026048,0,1161,0,8196096,0,914,440,0,5,0,530,0,0,0,0
rpt-sansa: track2 / joins / join 1-N / join 1-10 100percent,4,103,3,10.2037,3,22.56,1.89,24.45,15.76,0.19,484290560,0,484290560,0,1167,0,8318976,0,918,444,0,5,0,530,0,0,0,0
rpt-sansa: track2 / joins / join 1-N / join 1-10 100percent,4,104,3,10.3056,3,22.68,1.9,24.58,16.02,0.19,492548096,0,492548096,0,1167,0,8318976,0,918,444,0,5,0,530,0,0,0,0
rpt-sansa: track2 / joins / join 1-N / join 1-10 100percent,4,105,3,10.4087,3,22.89,1.92,24.810000000000002,16.19,0.19,507772928,0,507772928,0,1167,0,8318976,0,918,444,0,5,0,530,0,0,0,0
rpt-sansa: track2 / joins / join 1-N / join 1-10 100percent,4,106,3,10.5106,3,23.14,1.95,25.09,16.31,0.19,530223104,0,530223104,0,1167,0,8318976,0,918,444,0,7,0,706,0,0,0,0
rpt-sansa: track2 / joins / join 1-N / join 1-10 100percent,4,107,3,10.6128,3,23.5,1.95,25.45,16.36,0.19,535900160,0,535900160,0,1167,0,8318976,0,918,444,0,9,0,926,0,0,0,0
rpt-sansa: track2 / joins / join 1-N / join 1-10 100percent,4,108,3,10.7149,3,23.87,1.97,25.84,16.38,0.19,537964544,0,537964544,0,1167,0,8318976,0,918,444,0,9,0,926,0,0,0,0
rpt-sansa: track2 / joins / join 1-N / join 1-10 100percent,4,109,3,10.8168,3,24.18,1.99,26.169999999999998,16.47,0.19,544415744,0,544415744,0,1167,0,8318976,0,918,444,0,9,0,926,0,0,0,0
rpt-sansa: track2 / joins / join 1-N / join 1-10 100percent,4,110,3,10.9187,3,24.37,2.0,26.37,16.68,0.19,547512320,0,547512320,0,1167,0,8318976,0,918,444,0,9,0,926,0,0,0,0
rpt-sansa: track2 / joins / join 1-N / join 1-10 100percent,4,111,3,11.0206,3,24.63,2.0,26.63,16.8,0.19,549834752,0,549834752,0,1167,0,8318976,0,918,444,0,9,0,926,0,0,0,0
rpt-sansa: track2 / joins / join 1-N / join 1-10 100percent,4,112,3,11.1228,3,24.94,2.02,26.96,16.89,0.19,558092288,0,558092288,0,1167,0,8318976,0,918,444,0,9,0,926,0,0,0,0
rpt-sansa: track2 / joins / join 1-N / join 1-10 100percent,4,113,3,11.2259,3,25.26,2.04,27.3,16.96,0.19,575381504,0,575381504,0,1167,0,8318976,0,918,444,0,9,0,926,0,0,0,0
rpt-sansa: track2 / joins / join 1-N / join 1-10 100percent,4,114,3,11.3278,3,25.56,2.05,27.61,17.05,0.19,578478080,0,578478080,0,1167,0,8318976,0,918,444,0,9,0,926,0,0,0,0
rpt-sansa: track2 / joins / join 1-N / join 1-10 100percent,4,115,3,11.4296,3,25.82,2.06,27.88,17.19,0.19,582348800,0,582348800,0,1167,0,8318976,0,918,444,0,11,0,1146,0,0,0,0
rpt-sansa: track2 / joins / join 1-N / join 1-10 100percent,4,116,3,11.5316,3,26.03,2.06,28.09,17.37,0.19,588283904,0,588283904,0,1167,0,8318976,0,918,444,0,11,0,1146,0,0,0,0
rpt-sansa: track2 / joins / join 1-N / join 1-10 100percent,4,117,3,11.6335,3,26.24,2.06,28.299999999999997,17.56,0.19,589832192,0,589832192,0,1167,0,8318976,0,918,444,0,14,0,1396,0,0,0,0
rpt-sansa: track2 / joins / join 1-N / join 1-10 100percent,4,118,3,11.7355,3,26.46,2.08,28.54,17.74,0.19,598347776,0,598347776,0,1167,0,8318976,0,918,444,0,14,0,1396,0,0,0,0
rpt-sansa: track2 / joins / join 1-N / join 1-10 100percent,4,119,3,11.8374,3,26.72,2.1,28.82,17.87,0.19,604798976,0,604798976,0,1167,0,8318976,0,918,444,0,14,0,1396,0,0,0,0
rpt-sansa: track2 / joins / join 1-N / join 1-10 100percent,4,120,3,11.9403,3,27.03,2.12,29.150000000000002,17.96,0.19,619249664,0,619249664,0,1167,0,8318976,0,918,444,0,14,0,1396,0,0,0,0
rpt-sansa: track2 / joins / join 1-N / join 1-10 100percent,4,121,3,12.0432,3,27.18,2.12,29.3,18.2,0.19,591896576,0,591896576,0,1167,0,8318976,0,918,444,0,14,0,1396,0,0,0,0
rpt-sansa: track2 / joins / join 1-N / join 1-10 100percent,4,122,3,12.1462,3,27.36,2.13,29.49,18.41,0.19,602476544,0,602476544,0,1167,0,8318976,0,918,444,0,14,0,1396,0,0,0,0
rpt-sansa: track2 / joins / join 1-N / join 1-10 100percent,4,123,3,12.2487,3,27.68,2.14,29.82,18.49,0.19,609701888,0,609701888,0,1167,0,8318976,0,918,444,0,14,0,1396,0,0,0,0
rpt-sansa: track2 / joins / join 1-N / join 1-10 100percent,4,124,3,12.3507,3,28.02,2.15,30.169999999999998,18.55,0.19,615120896,0,615120896,0,1167,0,8318976,0,918,444,0,14,0,1396,0,0,0,0
rpt-sansa: track2 / joins / join 1-N / join 1-10 100percent,4,125,3,12.4527,3,28.39,2.16,30.55,18.59,0.19,621830144,0,621830144,0,1167,0,8318976,0,918,444,0,14,0,1396,0,0,0,0
rpt-sansa: track2 / joins / join 1-N / join 1-10 100percent,4,126,3,12.5546,3,28.74,2.16,30.9,18.64,0.19,628281344,0,628281344,0,1167,0,8318976,0,918,444,0,14,0,1396,0,0,0,0
rpt-sansa: track2 / joins / join 1-N / join 1-10 100percent,4,127,3,12.6566,3,29.08,2.18,31.259999999999998,18.68,0.19,633184256,0,633184256,0,1167,0,8318976,0,918,444,0,14,0,1396,0,0,0,0
rpt-sansa: track2 / joins / join 1-N / join 1-10 100percent,4,128,3,12.7591,3,29.4,2.2,31.599999999999998,18.77,0.19,637054976,0,637054976,0,1167,0,8318976,0,918,444,0,14,0,1396,0,0,0,0
rpt-sansa: track2 / joins / join 1-N / join 1-10 100percent,4,129,3,12.8613,3,29.66,2.2,31.86,18.9,0.19,641183744,0,641183744,0,1167,0,8318976,0,918,444,0,14,0,1396,0,0,0,0
rpt-sansa: track2 / joins / join 1-N / join 1-10 100percent,4,130,3,12.9632,3,29.98,2.2,32.18,18.98,0.19,649412608,0,649412608,0,1167,0,8318976,0,918,444,0,14,0,1396,0,0,0,0
rpt-sansa: track2 / joins / join 1-N / join 1-10 100percent,4,131,3,13.0653,3,30.33,2.22,32.55,19.04,0.19,658960384,0,658960384,0,1167,0,8318976,0,918,444,0,14,0,1396,0,0,0,0
rpt-sansa: track2 / joins / join 1-N / join 1-10 100percent,4,132,3,13.1672,3,30.61,2.22,32.83,19.15,0.19,666185728,0,666185728,0,1167,0,8318976,0,918,444,0,14,0,1396,0,0,0,0
rpt-sansa: track2 / joins / join 1-N / join 1-10 100percent,4,133,3,13.2691,3,30.85,2.26,33.11,19.3,0.19,692248576,0,692248576,0,1167,0,8318976,0,918,444,0,14,0,1396,0,0,0,0
rpt-sansa: track2 / joins / join 1-N / join 1-10 100percent,4,134,3,13.371,3,31.07,2.27,33.34,19.46,0.19,696635392,0,696635392,0,1167,0,8318976,0,918,444,0,14,0,1396,0,0,0,0
rpt-sansa: track2 / joins / join 1-N / join 1-10 100percent,4,135,3,13.4728,3,31.38,2.28,33.66,19.55,0.19,699596800,0,699596800,0,1169,0,8400896,0,918,448,0,14,0,1396,0,0,0,0
rpt-sansa: track2 / joins / join 1-N / join 1-10 100percent,4,136,3,13.5746,3,31.69,2.28,33.97,19.65,0.19,705269760,0,705269760,0,1169,0,8400896,0,918,448,0,14,0,1396,0,0,0,0
rpt-sansa: track2 / joins / join 1-N / join 1-10 100percent,4,137,3,13.6765,3,31.95,2.28,34.23,19.8,0.19,707850240,0,707850240,0,1169,0,8400896,0,918,448,1,15,54,1772,0,0,0,0
rpt-sansa: track2 / joins / join 1-N / join 1-10 100percent,4,138,3,13.7785,3,32.19,2.29,34.48,19.96,0.19,710684672,0,710684672,0,1169,0,8400896,0,918,448,1,15,54,1772,0,0,0,0
rpt-sansa: track2 / joins / join 1-N / join 1-10 100percent,4,139,3,13.8805,3,32.22,2.3,34.519999999999996,20.32,0.19,711716864,0,711716864,0,1169,0,8400896,0,918,448,1,15,54,1772,0,0,0,0
rpt-sansa: track2 / joins / join 1-N / join 1-10 100percent,4,140,3,13.9825,3,32.23,2.3,34.529999999999994,20.73,0.19,711716864,0,711716864,0,1169,0,8400896,0,918,448,1,15,54,1772,0,0,0,0
rpt-sansa: track2 / joins / join 1-N / join 1-10 100percent,4,141,3,14.0845,3,32.23,2.3,34.529999999999994,21.13,0.19,711708672,0,711708672,0,1169,0,8400896,0,918,448,1,15,54,1772,0,0,0,0
rpt-sansa: track2 / joins / join 1-N / join 1-10 100percent,4,142,3,14.1866,3,32.25,2.35,34.6,21.45,0.19,464007168,0,464007168,0,1182,0,8450048,0,923,464,1,15,54,1772,0,0,0,0
rpt-sansa: track2 / joins / join 1-N / join 1-10 100percent,4,143,3,14.2885,3,32.28,2.37,34.65,21.77,0.21,466624512,0,466624512,0,1329,0,9195520,0,1054,488,1,7,54,1036,0,0,0,0
rpt-sansa: track2 / joins / join 1-N / join 1-10 100percent,1,144,4,14.8926,3,33.34,2.68,36.02,22.98,0.22,476524544,0,476524544,5,1479,69632,10280960,4,1139,504,1,7,54,1036,0,0,0,0
rpt-sansa: track2 / joins / join 1-N / join 1-10 100percent,1,145,4,14.9949,3,33.39,2.78,36.17,23.19,0.25,486350848,0,486350848,5,1680,69632,11681792,4,1281,568,1,7,54,1036,0,0,0,0
rpt-sansa: track2 / joins / join 1-N / join 1-10 100percent,1,146,4,15.0973,3,33.45,2.83,36.28,23.49,0.25,500559872,0,500559872,5,1683,69632,11694080,4,1283,576,1,7,54,1036,0,0,0,0
rpt-sansa: track2 / joins / join 1-N / join 1-10 100percent,1,147,4,15.1996,3,33.49,2.88,36.370000000000005,23.78,0.25,492429312,0,492429312,5,1697,69632,11845632,4,1292,592,1,9,54,1216,0,0,0,0
rpt-sansa: track2 / joins / join 1-N / join 1-10 100percent,1,148,4,15.3024,3,33.68,2.89,36.57,24.0,0.25,496562176,0,496562176,5,1697,69632,11845632,4,1292,592,1,9,54,1216,0,0,0,0
rpt-sansa: track2 / joins / join 1-N / join 1-10 100percent,1,149,4,15.4049,3,33.82,2.9,36.72,24.26,0.25,511012864,0,511012864,5,1697,69632,11845632,4,1292,592,1,9,54,1216,0,0,0,0
rpt-sansa: track2 / joins / join 1-N / join 1-10 100percent,1,150,4,15.5076,3,34.08,2.92,37.0,24.4,0.25,530624512,0,530624512,5,1697,69632,11845632,4,1292,592,1,9,54,1216,0,0,0,0
rpt-sansa: track2 / joins / join 1-N / join 1-10 100percent,1,151,4,15.6095,3,34.35,2.94,37.29,24.52,0.25,540430336,0,540430336,5,1697,69632,11845632,4,1292,592,1,9,54,1216,0,0,0,0
rpt-sansa: track2 / joins / join 1-N / join 1-10 100percent,1,152,4,15.7114,3,34.7,2.95,37.650000000000006,24.56,0.25,544817152,0,544817152,5,1697,69632,11845632,4,1292,592,1,11,54,1436,0,0,0,0
rpt-sansa: track2 / joins / join 1-N / join 1-10 100percent,1,153,4,15.8132,3,35.08,2.96,38.04,24.6,0.25,552042496,0,552042496,5,1697,69632,11845632,4,1292,592,1,13,54,1656,0,0,0,0
rpt-sansa: track2 / joins / join 1-N / join 1-10 100percent,1,154,4,15.9152,3,35.33,2.97,38.3,24.75,0.25,554881024,0,554881024,5,1697,69632,11845632,4,1292,592,1,13,54,1656,0,0,0,0
rpt-sansa: track2 / joins / join 1-N / join 1-10 100percent,1,155,4,16.0172,3,35.62,2.97,38.589999999999996,24.9,0.25,556429312,0,556429312,5,1697,69632,11845632,4,1292,592,1,13,54,1656,0,0,0,0
rpt-sansa: track2 / joins / join 1-N / join 1-10 100percent,1,156,4,16.1205,3,35.9,2.98,38.879999999999995,25.01,0.25,559783936,0,559783936,5,1697,69632,11845632,4,1292,592,1,14,54,1742,0,0,0,0
rpt-sansa: track2 / joins / join 1-N / join 1-10 100percent,1,157,4,16.2224,3,36.2,3.0,39.2,25.09,0.25,565719040,0,565719040,5,1697,69632,11845632,4,1292,592,1,14,54,1742,0,0,0,0
rpt-sansa: track2 / joins / join 1-N / join 1-10 100percent,1,158,4,16.3242,3,36.53,3.01,39.54,25.16,0.25,578621440,0,578621440,5,1697,69632,11845632,4,1292,592,1,14,54,1742,0,0,0,0
rpt-sansa: track2 / joins / join 1-N / join 1-10 100percent,1,159,4,16.4262,3,36.74,3.03,39.77,25.31,0.25,580685824,0,580685824,5,1697,69632,11845632,4,1292,592,1,14,54,1742,0,0,0,0
rpt-sansa: track2 / joins / join 1-N / join 1-10 100percent,1,160,4,16.5281,3,36.96,3.04,40.0,25.47,0.25,583266304,0,583266304,5,1697,69632,11845632,4,1292,592,1,14,54,1742,0,0,0,0
rpt-sansa: track2 / joins / join 1-N / join 1-10 100percent,1,161,4,16.6304,3,37.14,3.04,40.18,25.69,0.25,586878976,0,586878976,5,1697,69632,11845632,4,1292,592,1,14,54,1742,0,0,0,0
rpt-sansa: track2 / joins / join 1-N / join 1-10 100percent,1,162,4,16.7322,3,37.36,3.05,40.41,25.87,0.25,589201408,0,589201408,5,1697,69632,11845632,4,1292,592,1,14,54,1742,0,0,0,0
rpt-sansa: track2 / joins / join 1-N / join 1-10 100percent,1,163,4,16.8342,3,37.59,3.06,40.650000000000006,26.06,0.25,596684800,0,596684800,5,1697,69632,11845632,4,1292,592,1,14,54,1742,0,0,0,0
rpt-sansa: track2 / joins / join 1-N / join 1-10 100percent,1,164,4,16.9363,3,37.81,3.06,40.870000000000005,26.25,0.25,604684288,0,604684288,5,1697,69632,11845632,4,1292,592,1,14,54,1742,0,0,0,0
rpt-sansa: track2 / joins / join 1-N / join 1-10 100percent,1,165,4,17.0381,3,38.06,3.08,41.14,26.37,0.25,621715456,0,621715456,5,1697,69632,11845632,4,1292,592,1,14,54,1742,0,0,0,0
rpt-sansa: track2 / joins / join 1-N / join 1-10 100percent,1,166,4,17.14,3,38.32,3.08,41.4,26.52,0.25,600039424,0,600039424,5,1697,69632,11845632,4,1292,592,1,14,54,1742,0,0,0,0
rpt-sansa: track2 / joins / join 1-N / join 1-10 100percent,1,167,4,17.242,3,38.61,3.09,41.7,26.64,0.25,610103296,0,610103296,5,1697,69632,11845632,4,1292,592,1,16,54,1902,0,0,0,0
rpt-sansa: track2 / joins / join 1-N / join 1-10 100percent,1,168,4,17.3439,3,38.88,3.1,41.980000000000004,26.75,0.25,616038400,0,616038400,5,1697,69632,11845632,4,1292,592,1,16,54,1902,0,0,0,0
rpt-sansa: track2 / joins / join 1-N / join 1-10 100percent,1,169,4,17.4458,3,39.21,3.12,42.33,26.81,0.25,620425216,0,620425216,5,1697,69632,11845632,4,1292,592,1,16,54,1902,0,0,0,0
rpt-sansa: track2 / joins / join 1-N / join 1-10 100percent,1,170,4,17.5477,3,39.54,3.13,42.67,26.86,0.25,625844224,0,625844224,5,1697,69632,11845632,4,1292,592,1,16,54,1902,0,0,0,0
rpt-sansa: track2 / joins / join 1-N / join 1-10 100percent,1,171,4,17.6496,3,39.92,3.13,43.050000000000004,26.91,0.25,632295424,0,632295424,5,1697,69632,11845632,4,1292,592,1,16,54,1902,0,0,0,0
rpt-sansa: track2 / joins / join 1-N / join 1-10 100percent,1,172,4,17.7515,3,40.28,3.13,43.410000000000004,26.95,0.25,637456384,0,637456384,5,1697,69632,11845632,4,1292,592,1,16,54,1902,0,0,0,0
rpt-sansa: track2 / joins / join 1-N / join 1-10 100percent,1,173,4,17.8534,3,40.64,3.14,43.78,27.02,0.25,644165632,0,644165632,5,1697,69632,11845632,4,1292,592,1,17,54,1992,0,0,0,0
rpt-sansa: track2 / joins / join 1-N / join 1-10 100percent,1,174,4,17.9553,3,40.92,3.15,44.07,27.11,0.25,648552448,0,648552448,5,1697,69632,11845632,4,1292,592,1,17,54,1992,0,0,0,0
rpt-sansa: track2 / joins / join 1-N / join 1-10 100percent,1,175,4,18.0571,3,41.16,3.16,44.31999999999999,27.26,0.25,654745600,0,654745600,5,1697,69632,11845632,4,1292,592,1,17,54,1992,0,0,0,0
rpt-sansa: track2 / joins / join 1-N / join 1-10 100percent,1,176,4,18.159,3,41.45,3.17,44.620000000000005,27.37,0.25,664551424,0,664551424,5,1697,69632,11845632,4,1292,592,1,17,54,1992,0,0,0,0
rpt-sansa: track2 / joins / join 1-N / join 1-10 100percent,1,177,4,18.2609,3,41.74,3.18,44.92,27.48,0.25,672284672,0,672284672,5,1697,69632,11845632,4,1292,592,1,17,54,1992,0,0,0,0
rpt-sansa: track2 / joins / join 1-N / join 1-10 100percent,1,178,4,18.3628,3,42.01,3.2,45.21,27.58,0.25,701186048,0,701186048,5,1697,69632,11845632,4,1292,592,1,17,54,1992,0,0,0,0
rpt-sansa: track2 / joins / join 1-N / join 1-10 100percent,1,179,4,18.4646,3,42.35,3.22,45.57,27.64,0.25,712282112,0,712282112,5,1697,69632,11845632,4,1292,592,1,17,54,1992,0,0,0,0
rpt-sansa: track2 / joins / join 1-N / join 1-10 100percent,1,180,4,18.5665,3,42.68,3.25,45.93,27.69,0.25,714862592,0,714862592,5,1699,69632,11927552,4,1292,596,1,17,54,1992,0,0,0,0
rpt-sansa: track2 / joins / join 1-N / join 1-10 100percent,1,181,4,18.6684,3,43.0,3.26,46.26,27.76,0.25,729518080,0,729518080,5,1699,69632,11927552,4,1292,596,1,17,54,1992,0,0,0,0
rpt-sansa: track2 / joins / join 1-N / join 1-10 100percent,1,182,4,18.7703,3,43.29,3.27,46.56,27.86,0.25,734162944,0,734162944,5,1699,69632,11927552,4,1292,596,1,17,54,1992,0,0,0,0
rpt-sansa: track2 / joins / join 1-N / join 1-10 100percent,1,183,4,18.873,3,43.49,3.29,46.78,28.06,0.25,739577856,0,739577856,5,1699,69632,11927552,4,1292,596,1,17,54,1992,0,0,0,0
rpt-sansa: track2 / joins / join 1-N / join 1-10 100percent,1,184,4,18.975,3,43.8,3.3,47.099999999999994,28.15,0.25,747061248,0,747061248,5,1699,69632,11927552,4,1292,596,1,17,54,1992,0,0,0,0
rpt-sansa: track2 / joins / join 1-N / join 1-10 100percent,1,185,4,19.077,3,44.07,3.31,47.38,28.29,0.25,749899776,0,749899776,5,1699,69632,11927552,4,1292,596,2,18,108,2779,0,0,0,0
rpt-sansa: track2 / joins / join 1-N / join 1-10 100percent,1,186,4,19.1789,3,44.38,3.31,47.690000000000005,28.38,0.25,753770496,0,753770496,5,1699,69632,11927552,4,1292,596,2,18,108,2779,0,0,0,0
rpt-sansa: track2 / joins / join 1-N / join 1-10 100percent,1,187,4,19.2808,3,44.7,3.32,48.02,28.46,0.25,755060736,0,755060736,5,1699,69632,11927552,4,1292,596,2,18,108,2779,0,0,0,0
rpt-sansa: track2 / joins / join 1-N / join 1-10 100percent,1,188,4,19.3827,3,44.99,3.33,48.32,28.55,0.25,756867072,0,756867072,5,1699,69632,11927552,4,1292,596,2,18,108,2779,0,0,0,0
rpt-sansa: track2 / joins / join 1-N / join 1-10 100percent,1,189,4,19.485,3,45.3,3.35,48.65,28.63,0.25,757125120,0,757125120,5,1699,69632,11927552,4,1292,596,2,18,108,2779,0,0,0,0
rpt-sansa: track2 / joins / join 1-N / join 1-10 100percent,1,190,4,19.5869,3,45.61,3.36,48.97,28.72,0.25,759963648,0,759963648,5,1699,69632,11927552,4,1292,596,2,18,108,2779,0,0,0,0
rpt-sansa: track2 / joins / join 1-N / join 1-10 100percent,1,191,4,19.6895,3,45.8,3.36,49.16,28.94,0.25,764080128,0,764080128,5,1699,69632,11927552,4,1292,596,2,18,108,2779,0,0,0,0
rpt-sansa: track2 / joins / join 1-N / join 1-10 100percent,1,192,4,19.7914,3,46.02,3.37,49.39,29.1,0.25,767688704,0,767688704,5,1699,69632,11927552,4,1292,596,2,18,108,2779,0,0,0,0
rpt-sansa: track2 / joins / join 1-N / join 1-10 100percent,1,193,4,19.8939,3,46.34,3.38,49.720000000000006,29.2,0.25,771043328,0,771043328,5,1699,69632,11927552,4,1292,596,2,18,108,2779,0,0,0,0
rpt-sansa: track2 / joins / join 1-N / join 1-10 100percent,1,194,4,19.9958,3,46.54,3.4,49.94,29.37,0.25,776204288,0,776204288,5,1699,69632,11927552,4,1292,596,2,18,108,2779,0,0,0,0
rpt-sansa: track2 / joins / join 1-N / join 1-10 100percent,1,195,4,20.0978,3,46.9,3.4,50.3,29.42,0.25,781336576,0,781336576,5,1699,69632,11927552,4,1292,596,2,18,108,2779,0,0,0,0
rpt-sansa: track2 / joins / join 1-N / join 1-10 100percent,1,196,4,20.1998,3,47.22,3.42,50.64,29.49,0.25,783372288,0,783372288,5,1701,69632,11976704,4,1294,600,2,18,108,2779,0,0,0,0
rpt-sansa: track2 / joins / join 1-N / join 1-10 100percent,1,197,4,20.3018,3,47.33,3.43,50.76,29.78,0.25,786718720,0,786718720,5,1701,69632,11976704,4,1294,600,2,18,108,2779,0,0,0,0
rpt-sansa: track2 / joins / join 1-N / join 1-10 100percent,1,198,4,20.4037,3,47.56,3.46,51.02,29.93,0.25,789041152,0,789041152,5,1701,69632,11976704,4,1294,600,2,18,108,2779,0,0,0,0
rpt-sansa: track2 / joins / join 1-N / join 1-10 100percent,1,199,4,20.5058,3,47.75,3.46,51.21,30.13,0.25,790589440,0,790589440,5,1701,69632,11976704,4,1294,600,2,18,108,2779,0,0,0,0
rpt-sansa: track2 / joins / join 1-N / join 1-10 100percent,1,200,4,20.6079,3,47.99,3.46,51.45,30.28,0.25,791879680,0,791879680,5,1701,69632,11976704,4,1294,600,2,18,108,2779,0,0,0,0
rpt-sansa: track2 / joins / join 1-N / join 1-10 100percent,1,201,4,20.7099,3,48.35,3.47,51.82,30.34,0.25,792653824,0,792653824,5,1701,69632,11976704,4,1294,600,2,18,108,2779,0,0,0,0
rpt-sansa: track2 / joins / join 1-N / join 1-10 100percent,1,202,4,20.8119,3,48.71,3.47,52.18,30.38,0.25,794976256,0,794976256,5,1701,69632,11976704,4,1294,600,2,18,108,2779,0,0,0,0
rpt-sansa: track2 / joins / join 1-N / join 1-10 100percent,1,203,4,20.9139,3,48.9,3.48,52.379999999999995,30.6,0.25,797298688,0,797298688,5,1701,69632,11976704,4,1294,600,2,18,108,2779,0,0,0,0
rpt-sansa: track2 / joins / join 1-N / join 1-10 100percent,1,204,4,21.0169,3,49.02,3.48,52.5,30.89,0.25,799621120,0,799621120,5,1701,69632,11976704,4,1294,600,2,18,108,2779,0,0,0,0
rpt-sansa: track2 / joins / join 1-N / join 1-10 100percent,1,205,4,21.1198,3,49.19,3.49,52.68,31.11,0.25,800137216,0,800137216,5,1701,69632,11976704,4,1294,600,2,18,108,2779,0,0,0,0
rpt-sansa: track2 / joins / join 1-N / join 1-10 100percent,1,206,4,21.2218,3,49.32,3.5,52.82,31.37,0.25,800137216,0,800137216,5,1701,69632,11976704,4,1294,600,2,18,108,2779,0,0,0,0
rpt-sansa: track2 / joins / join 1-N / join 1-10 100percent,1,207,4,21.3237,3,49.47,3.51,52.98,31.6,0.25,800645120,0,800645120,5,1701,69632,11976704,4,1294,600,2,18,108,2779,0,0,0,0
rpt-sansa: track2 / joins / join 1-N / join 1-10 100percent,1,208,4,21.426,3,49.76,3.52,53.28,31.72,0.25,802967552,0,802967552,5,1701,69632,11976704,4,1294,600,2,18,108,2779,0,0,0,0
rpt-sansa: track2 / joins / join 1-N / join 1-10 100percent,1,209,4,21.5278,3,50.06,3.53,53.59,31.81,0.25,807608320,0,807608320,5,1701,69632,11976704,4,1294,600,2,18,108,2779,0,0,0,0
rpt-sansa: track2 / joins / join 1-N / join 1-10 100percent,1,210,4,21.6305,3,50.37,3.56,53.93,31.87,0.26,816304128,0,816304128,55,1701,3305472,11976704,63,1294,632,2,19,108,2849,0,0,0,0
rpt-sansa: track2 / joins / join 1-N / join 1-10 100percent,1,211,4,21.7324,3,50.62,3.57,54.19,32.02,0.26,819859456,0,819859456,55,1701,3305472,11976704,63,1294,632,2,19,108,2849,0,0,0,0
rpt-sansa: track2 / joins / join 1-N / join 1-10 100percent,1,212,4,21.8342,3,50.9,3.57,54.47,32.14,0.26,822284288,0,822284288,55,1701,3305472,11976704,63,1294,632,2,19,108,2849,0,0,0,0
rpt-sansa: track2 / joins / join 1-N / join 1-10 100percent,1,213,4,21.9362,3,51.12,3.58,54.699999999999996,32.33,0.26,824864768,0,824864768,55,1701,3305472,11976704,63,1294,632,2,19,108,2849,0,0,0,0
rpt-sansa: track2 / joins / join 1-N / join 1-10 100percent,1,214,4,22.0382,3,51.38,3.58,54.96,32.47,0.26,831315968,0,831315968,55,1701,3305472,11976704,63,1294,632,2,19,108,2849,0,0,0,0
rpt-sansa: track2 / joins / join 1-N / join 1-10 100percent,1,215,4,22.1402,3,51.72,3.6,55.32,32.52,0.26,840060928,0,840060928,55,1731,3305472,14548992,63,1338,644,2,19,108,2849,0,0,0,0
rpt-sansa: track2 / joins / join 1-N / join 1-10 100percent,1,216,4,22.2422,3,51.99,3.61,55.6,32.63,0.27,840179712,0,840179712,106,1740,6848512,14594048,144,1352,712,2,19,108,2849,0,0,0,0
rpt-sansa: track2 / joins / join 1-N / join 1-10 100percent,1,217,4,22.344,3,52.3,3.63,55.93,32.7,0.27,842211328,0,842211328,106,1740,6848512,14594048,144,1352,712,2,19,108,2849,0,0,0,0
rpt-sansa: track2 / joins / join 1-N / join 1-10 100percent,1,218,4,22.446,3,52.64,3.64,56.28,32.75,0.27,849174528,0,849174528,106,1740,6848512,14594048,144,1352,712,2,19,108,2849,0,0,0,0
rpt-sansa: track2 / joins / join 1-N / join 1-10 100percent,1,219,4,22.5479,3,52.98,3.65,56.629999999999995,32.78,0.27,851496960,0,851496960,106,1740,6848512,14594048,144,1352,712,2,19,108,2849,0,0,0,0
rpt-sansa: track2 / joins / join 1-N / join 1-10 100percent,1,220,4,22.6512,3,53.33,3.68,57.01,32.81,0.27,856526848,0,856526848,146,1740,7913472,14594048,200,1352,744,2,19,108,2849,0,0,0,0
rpt-sansa: track2 / joins / join 1-N / join 1-10 100percent,1,221,4,22.7531,3,53.74,3.68,57.42,32.81,0.27,857559040,0,857559040,146,1740,7913472,14594048,200,1352,744,2,19,108,2849,0,0,0,0
rpt-sansa: track2 / joins / join 1-N / join 1-10 100percent,1,222,4,22.8549,3,54.14,3.68,57.82,32.81,0.27,858619904,0,858619904,168,1740,9650176,14594048,216,1352,792,2,19,108,2849,0,0,0,0
rpt-sansa: track2 / joins / join 1-N / join 1-10 100percent,1,223,4,22.9568,3,54.5,3.7,58.2,32.84,0.27,866131968,0,866131968,173,1740,9977856,14594048,218,1352,800,2,19,108,2849,0,0,0,0
rpt-sansa: track2 / joins / join 1-N / join 1-10 100percent,1,224,4,23.0587,3,54.87,3.72,58.589999999999996,32.85,0.27,896839680,0,896839680,173,1740,9977856,14594048,218,1352,800,2,19,108,2849,0,0,0,0
rpt-sansa: track2 / joins / join 1-N / join 1-10 100percent,1,225,4,23.1607,3,55.26,3.74,59.0,32.85,0.27,932335616,0,932335616,243,1740,14761984,14594048,347,1352,848,2,19,108,2849,0,0,0,0
rpt-sansa: track2 / joins / join 1-N / join 1-10 100percent,1,226,4,23.2625,3,55.64,3.76,59.4,32.85,0.27,964558848,0,964558848,276,1740,17121280,14594048,406,1352,880,2,19,108,2849,0,0,0,0
rpt-sansa: track2 / joins / join 1-N / join 1-10 100percent,1,227,4,23.3644,3,56.03,3.79,59.82,32.85,0.27,1002778624,0,1002778624,276,1740,17121280,14594048,406,1352,880,2,19,108,2849,0,0,0,0
rpt-sansa: track2 / joins / join 1-N / join 1-10 100percent,1,228,4,23.4662,3,56.4,3.82,60.22,32.85,0.27,1049817088,0,1049817088,276,1740,17121280,14594048,406,1352,880,2,19,108,2849,0,0,0,0
rpt-sansa: track2 / joins / join 1-N / join 1-10 100percent,1,229,4,23.5681,3,56.71,3.91,60.620000000000005,32.85,0.27,1106960384,0,1106960384,401,1740,26050560,14594048,823,1352,948,2,19,108,2849,0,0,0,0
rpt-sansa: track2 / joins / join 1-N / join 1-10 100percent,1,230,4,23.6699,3,57.08,3.96,61.04,32.85,0.27,1156595712,0,1156595712,453,1740,29966336,14594048,1022,1352,976,2,19,108,2849,0,0,0,0
rpt-sansa: track2 / joins / join 1-N / join 1-10 100percent,1,231,4,23.7718,3,57.45,3.98,61.43,32.86,0.27,1185755136,0,1185755136,453,1740,29966336,14594048,1022,1352,976,2,19,108,2849,0,0,0,0
rpt-sansa: track2 / joins / join 1-N / join 1-10 100percent,1,232,4,23.8737,3,57.86,3.99,61.85,32.86,0.27,1186013184,0,1186013184,453,1740,29966336,14594048,1022,1352,976,2,19,108,2849,0,0,0,0
rpt-sansa: track2 / joins / join 1-N / join 1-10 100percent,1,233,4,23.9756,3,58.24,4.0,62.24,32.86,0.27,1187782656,0,1187782656,542,1740,36519936,14594048,1458,1352,1016,2,19,108,2849,0,0,0,0
rpt-sansa: track2 / joins / join 1-N / join 1-10 100percent,1,234,4,24.0775,3,58.64,4.01,62.65,32.86,0.27,1188331520,0,1188331520,542,1740,36519936,14594048,1458,1352,1016,2,19,108,2849,0,0,0,0
rpt-sansa: track2 / joins / join 1-N / join 1-10 100percent,1,235,4,24.1794,3,59.01,4.04,63.05,32.86,0.27,1190252544,0,1190252544,630,1740,42811392,14594048,1767,1352,1064,2,19,108,2849,0,0,0,0
rpt-sansa: track2 / joins / join 1-N / join 1-10 100percent,1,236,4,24.2813,3,59.42,4.04,63.46,32.87,0.27,1190215680,0,1190215680,630,1740,42811392,14594048,1767,1352,1064,2,19,108,2849,0,0,0,0
rpt-sansa: track2 / joins / join 1-N / join 1-10 100percent,1,237,4,24.3832,3,59.78,4.05,63.83,32.89,0.27,1210175488,0,1210175488,674,1740,45957120,14594048,1916,1352,1088,2,19,108,2849,0,0,0,0
rpt-sansa: track2 / joins / join 1-N / join 1-10 100percent,1,238,4,24.4851,3,60.09,4.14,64.23,32.89,0.27,1343557632,0,1343557632,763,1740,52510720,14594048,2230,1352,1140,2,19,108,2849,0,0,0,0
rpt-sansa: track2 / joins / join 1-N / join 1-10 100percent,1,239,4,24.587,3,60.43,4.2,64.63,32.89,0.27,1473441792,0,1473441792,803,1740,55304192,14594048,2316,1352,1160,2,19,108,2849,0,0,0,0
rpt-sansa: track2 / joins / join 1-N / join 1-10 100percent,1,240,4,24.6889,3,60.84,4.22,65.06,32.9,0.27,1475194880,0,1475194880,847,1740,58449920,14594048,2479,1352,1184,2,19,108,2849,0,0,0,0
rpt-sansa: track2 / joins / join 1-N / join 1-10 100percent,1,241,4,24.7908,3,61.21,4.24,65.45,32.9,0.27,1475366912,0,1475366912,936,1740,65003520,14594048,2781,1352,1236,2,19,108,2849,0,0,0,0
rpt-sansa: track2 / joins / join 1-N / join 1-10 100percent,1,242,4,24.8927,3,61.63,4.24,65.87,32.9,0.27,1475264512,0,1475264512,936,1740,65003520,14594048,2781,1352,1236,2,19,108,2849,0,0,0,0
rpt-sansa: track2 / joins / join 1-N / join 1-10 100percent,1,243,4,24.9946,3,62.0,4.26,66.26,32.9,0.27,1476812800,0,1476812800,980,1740,68149248,14594048,2926,1352,1260,2,19,108,2849,0,0,0,0
rpt-sansa: track2 / joins / join 1-N / join 1-10 100percent,1,244,4,25.0965,3,62.4,4.26,66.66,32.91,0.27,1476829184,0,1476829184,1024,1740,71294976,14594048,3052,1352,1284,2,19,108,2849,0,0,0,0
rpt-sansa: track2 / joins / join 1-N / join 1-10 100percent,1,245,4,25.1992,3,62.78,4.28,67.06,32.91,0.28,1476907008,0,1476907008,1068,1740,74461184,14594048,3202,1352,1308,2,19,108,2849,0,0,0,0
rpt-sansa: track2 / joins / join 1-N / join 1-10 100percent,1,246,4,25.3011,3,63.18,4.29,67.47,32.91,0.28,1477578752,0,1477578752,1112,1741,77606912,14598144,3351,1352,1336,2,19,108,2849,0,0,0,0
rpt-sansa: track2 / joins / join 1-N / join 1-10 100percent,1,247,4,25.403,3,63.56,4.31,67.87,32.91,0.28,1472925696,0,1472925696,1156,1741,80752640,14598144,3477,1352,1352,2,19,108,2849,0,0,0,0
rpt-sansa: track2 / joins / join 1-N / join 1-10 100percent,1,248,4,25.5049,3,63.94,4.34,68.28,32.93,0.28,1511374848,0,1511374848,1156,1744,80752640,14721024,3477,1352,1356,2,19,108,2849,0,0,0,0
rpt-sansa: track2 / joins / join 1-N / join 1-10 100percent,1,249,4,25.6068,3,64.28,4.39,68.67,32.93,0.28,1591627776,0,1591627776,1200,1744,83898368,14721024,3613,1352,1376,2,19,108,2849,0,0,0,0
rpt-sansa: track2 / joins / join 1-N / join 1-10 100percent,1,250,4,25.7086,3,64.65,4.42,69.07000000000001,32.95,0.28,1685467136,0,1685467136,1200,1744,83898368,14721024,3613,1352,1376,2,19,108,2849,0,0,0,0
rpt-sansa: track2 / joins / join 1-N / join 1-10 100percent,1,251,4,25.8105,3,64.89,4.47,69.36,33.04,0.28,1767526400,0,1767526400,1200,1744,83898368,14721024,3613,1352,1376,2,19,108,2849,0,0,0,0
rpt-sansa: track2 / joins / join 1-N / join 1-10 100percent,1,252,4,25.9124,3,65.21,4.55,69.75999999999999,33.05,0.28,1836109824,0,1836109824,1244,1744,86925312,14721024,3754,1352,1396,2,19,108,2849,0,0,0,0
rpt-sansa: track2 / joins / join 1-N / join 1-10 100percent,1,253,4,26.0142,3,65.56,4.59,70.15,33.05,0.28,1910456320,0,1910456320,1288,1744,89952256,14721024,3908,1352,1420,2,19,108,2849,0,0,0,0
rpt-sansa: track2 / joins / join 1-N / join 1-10 100percent,1,254,4,26.1161,3,65.91,4.65,70.56,33.05,0.28,2007998464,0,2007998464,1288,1744,89952256,14721024,3908,1352,1420,2,19,108,2849,0,0,0,0
rpt-sansa: track2 / joins / join 1-N / join 1-10 100percent,1,255,4,26.2181,3,66.24,4.72,70.96,33.06,0.28,2103734272,0,2103734272,1332,1744,93048832,14721024,4048,1352,1444,2,19,108,2849,0,0,0,0
rpt-sansa: track2 / joins / join 1-N / join 1-10 100percent,1,256,4,26.32,3,66.6,4.76,71.36,33.06,0.28,2195558400,0,2195558400,1333,1744,93097984,14721024,4048,1352,1448,2,19,108,2849,0,0,0,0
rpt-sansa: track2 / joins / join 1-N / join 1-10 100percent,1,257,4,26.4219,3,67.01,4.77,71.78,33.06,0.28,2196332544,0,2196332544,1334,1744,93147136,14721024,4048,1352,1452,2,19,108,2849,0,0,0,0
rpt-sansa: track2 / joins / join 1-N / join 1-10 100percent,1,258,4,26.5244,3,67.42,4.77,72.19,33.07,0.28,2198007808,0,2198007808,1334,1744,93147136,14721024,4048,1352,1452,2,19,108,2849,0,0,0,0
rpt-sansa: track2 / joins / join 1-N / join 1-10 100percent,1,259,4,26.6263,3,67.81,4.78,72.59,33.07,0.28,2205806592,0,2205806592,1336,1744,93245440,14721024,4048,1352,1456,2,19,108,2849,0,0,0,0
rpt-sansa: track2 / joins / join 1-N / join 1-10 100percent,1,260,4,26.7281,3,68.2,4.78,72.98,33.07,0.28,2209161216,0,2209161216,1336,1744,93245440,14721024,4048,1352,1456,2,19,108,2849,0,0,0,0
rpt-sansa: track2 / joins / join 1-N / join 1-10 100percent,1,261,4,26.8301,3,68.61,4.79,73.4,33.07,0.28,2209419264,0,2209419264,1336,1744,93245440,14721024,4048,1352,1456,2,19,108,2849,0,0,0,0
rpt-sansa: track2 / joins / join 1-N / join 1-10 100percent,1,262,4,26.932,3,69.01,4.79,73.80000000000001,33.07,0.28,2209419264,0,2209419264,1336,1744,93245440,14721024,4048,1352,1456,2,19,108,2849,0,0,0,0
rpt-sansa: track2 / joins / join 1-N / join 1-10 100percent,1,263,4,27.0355,3,69.42,4.79,74.21000000000001,33.07,0.28,2209419264,0,2209419264,1336,1744,93245440,14721024,4048,1352,1456,2,19,108,2849,0,0,0,0
rpt-sansa: track2 / joins / join 1-N / join 1-10 100percent,1,264,4,27.1374,3,69.83,4.8,74.63,33.07,0.28,2211471360,0,2211471360,1336,1744,93245440,14721024,4048,1352,1456,2,19,108,2849,0,0,0,0
rpt-sansa: track2 / joins / join 1-N / join 1-10 100percent,1,265,4,27.2392,3,70.23,4.8,75.03,33.07,0.28,2211987456,0,2211987456,1336,1744,93245440,14721024,4048,1352,1456,2,19,108,2849,0,0,0,0
rpt-sansa: track2 / joins / join 1-N / join 1-10 100percent,1,266,4,27.3411,3,70.64,4.8,75.44,33.07,0.28,2212048896,0,2212048896,1336,1746,93245440,14737408,4048,1355,1460,2,19,108,2849,0,0,0,0
rpt-sansa: track2 / joins / join 1-N / join 1-10 100percent,1,267,4,27.443,3,71.03,4.81,75.84,33.07,0.28,2212048896,0,2212048896,1336,1746,93245440,14737408,4048,1355,1460,2,19,108,2849,0,0,0,0
rpt-sansa: track2 / joins / join 1-N / join 1-10 100percent,1,268,4,27.5448,3,71.43,4.82,76.25,33.07,0.28,2220879872,0,2220879872,1336,1746,93245440,14737408,4048,1355,1460,2,19,108,2849,0,0,0,0
rpt-sansa: track2 / joins / join 1-N / join 1-10 100percent,1,269,4,27.6468,3,71.83,4.82,76.65,33.08,0.28,2221654016,0,2221654016,1336,1746,93245440,14737408,4048,1355,1460,2,19,108,2849,0,0,0,0
rpt-sansa: track2 / joins / join 1-N / join 1-10 100percent,1,270,4,27.7486,3,72.24,4.83,77.07,33.08,0.28,2222170112,0,2222170112,1336,1746,93245440,14737408,4048,1355,1460,2,19,108,2849,0,0,0,0
rpt-sansa: track2 / joins / join 1-N / join 1-10 100percent,1,271,4,27.8505,3,72.62,4.84,77.46000000000001,33.09,0.28,2224230400,0,2224230400,1336,1746,93245440,14737408,4048,1355,1460,2,19,108,2849,0,0,0,0
rpt-sansa: track2 / joins / join 1-N / join 1-10 100percent,1,272,4,27.9524,3,72.99,4.85,77.83999999999999,33.11,0.28,2234122240,0,2234122240,1336,1746,93245440,14737408,4048,1355,1460,2,19,108,2849,0,0,0,0
rpt-sansa: track2 / joins / join 1-N / join 1-10 100percent,1,273,4,28.0543,3,73.35,4.87,78.22,33.13,0.28,2273861632,0,2273861632,1336,1746,93245440,14737408,4048,1355,1460,2,19,108,2849,0,0,0,0
rpt-sansa: track2 / joins / join 1-N / join 1-10 100percent,1,274,4,28.1562,3,73.58,4.92,78.5,33.25,0.28,2353827840,0,2353827840,1336,1746,93245440,14737408,4048,1355,1460,2,19,108,2849,0,0,0,0
rpt-sansa: track2 / joins / join 1-N / join 1-10 100percent,1,275,4,28.2581,3,73.83,4.93,78.75999999999999,33.4,0.28,2373693440,0,2373693440,1336,1746,93245440,14737408,4048,1355,1460,2,19,108,2849,0,0,0,0
rpt-sansa: track2 / joins / join 1-N / join 1-10 100percent,1,276,4,28.3601,3,73.98,4.95,78.93,33.65,0.28,2404659200,0,2404659200,1336,1746,93245440,14737408,4048,1355,1460,2,19,108,2849,0,0,0,0
rpt-sansa: track2 / joins / join 1-N / join 1-10 100percent,1,277,4,28.4626,3,74.22,4.96,79.17999999999999,33.82,0.28,2426593280,0,2426593280,1336,1746,93245440,14737408,4048,1355,1460,2,19,108,2849,0,0,0,0
rpt-sansa: track2 / joins / join 1-N / join 1-10 100percent,1,278,4,28.5644,3,74.54,4.96,79.5,33.91,0.28,2435883008,0,2435883008,1336,1746,93245440,14737408,4048,1355,1460,2,19,108,2849,0,0,0,0
rpt-sansa: track2 / joins / join 1-N / join 1-10 100percent,1,279,4,28.6663,3,74.85,4.96,79.80999999999999,34.0,0.28,2440527872,0,2440527872,1336,1746,93245440,14737408,4048,1355,1460,2,19,108,2849,0,0,0,0
rpt-sansa: track2 / joins / join 1-N / join 1-10 100percent,1,280,4,28.7682,3,75.22,4.97,80.19,34.02,0.28,2468139008,0,2468139008,1336,1746,93245440,14737408,4048,1355,1460,2,19,108,2849,0,0,0,0
rpt-sansa: track2 / joins / join 1-N / join 1-10 100percent,1,281,4,28.8701,3,75.63,4.98,80.61,34.02,0.28,2468397056,0,2468397056,1336,1746,93245440,14737408,4048,1355,1460,2,19,108,2849,0,0,0,0
rpt-sansa: track2 / joins / join 1-N / join 1-10 100percent,1,282,4,28.972,3,75.95,4.98,80.93,34.11,0.28,2468397056,0,2468397056,1336,1746,93245440,14737408,4048,1355,1460,2,19,108,2849,0,0,0,0
rpt-sansa: track2 / joins / join 1-N / join 1-10 100percent,1,283,4,29.0738,3,76.31,4.98,81.29,34.16,0.28,2468655104,0,2468655104,1336,1746,93245440,14737408,4048,1355,1460,2,19,108,2849,0,0,0,0
rpt-sansa: track2 / joins / join 1-N / join 1-10 100percent,1,284,4,29.1758,3,76.6,4.98,81.58,34.27,0.28,2468655104,0,2468655104,1336,1746,93245440,14737408,4048,1355,1460,2,19,108,2849,0,0,0,0
rpt-sansa: track2 / joins / join 1-N / join 1-10 100percent,1,285,4,29.2781,3,76.82,4.98,81.8,34.46,0.28,2468655104,0,2468655104,1336,1746,93245440,14737408,4048,1355,1460,2,19,108,2849,0,0,0,0
rpt-sansa: track2 / joins / join 1-N / join 1-10 100percent,1,286,4,29.3806,3,77.08,4.98,82.06,34.6,0.28,2468913152,0,2468913152,1336,1746,93245440,14737408,4048,1355,1460,2,19,108,2849,0,0,0,0
rpt-sansa: track2 / joins / join 1-N / join 1-10 100percent,1,287,4,29.4826,3,77.43,4.98,82.41000000000001,34.65,0.28,2468913152,0,2468913152,1336,1746,93245440,14737408,4048,1355,1460,2,19,108,2849,0,0,0,0
rpt-sansa: track2 / joins / join 1-N / join 1-10 100percent,1,288,4,29.5844,3,77.82,4.98,82.8,34.68,0.28,2468913152,0,2468913152,1336,1746,93245440,14737408,4048,1355,1460,2,19,108,2849,0,0,0,0
rpt-sansa: track2 / joins / join 1-N / join 1-10 100percent,1,289,4,29.6864,3,78.22,4.98,83.2,34.68,0.28,2468913152,0,2468913152,1336,1746,93245440,14737408,4048,1355,1460,2,19,108,2849,0,0,0,0
rpt-sansa: track2 / joins / join 1-N / join 1-10 100percent,1,290,4,29.7883,3,78.6,4.99,83.58999999999999,34.71,0.28,2468913152,0,2468913152,1336,1746,93245440,14737408,4048,1355,1460,2,19,108,2849,0,0,0,0
rpt-sansa: track2 / joins / join 1-N / join 1-10 100percent,1,291,4,29.8902,3,79.0,4.99,83.99,34.71,0.28,2468913152,0,2468913152,1336,1746,93245440,14737408,4048,1355,1460,2,19,108,2849,0,0,0,0
rpt-sansa: track2 / joins / join 1-N / join 1-10 100percent,1,292,4,29.992,3,79.3,4.99,84.28999999999999,34.82,0.28,2468913152,0,2468913152,1336,1746,93245440,14737408,4048,1355,1460,2,19,108,2849,0,0,0,0
rpt-sansa: track2 / joins / join 1-N / join 1-10 100percent,1,293,4,30.094,3,79.66,4.99,84.64999999999999,34.87,0.28,2468913152,0,2468913152,1336,1746,93245440,14737408,4048,1355,1460,2,19,108,2849,0,0,0,0
rpt-sansa: track2 / joins / join 1-N / join 1-10 100percent,1,294,4,30.1966,3,80.08,4.99,85.07,34.87,0.28,2468913152,0,2468913152,1336,1746,93245440,14737408,4048,1355,1460,2,19,108,2849,0,0,0,0
rpt-sansa: track2 / joins / join 1-N / join 1-10 100percent,1,295,4,30.2985,3,80.48,4.99,85.47,34.87,0.28,2468913152,0,2468913152,1336,1746,93245440,14737408,4048,1355,1460,2,19,108,2849,0,0,0,0
rpt-sansa: track2 / joins / join 1-N / join 1-10 100percent,1,296,4,30.4003,3,80.89,5.0,85.89,34.87,0.28,2468913152,0,2468913152,1336,1746,93245440,14737408,4048,1355,1460,2,19,108,2849,0,0,0,0
rpt-sansa: track2 / joins / join 1-N / join 1-10 100percent,1,297,4,30.5022,3,81.29,5.0,86.29,34.87,0.28,2468913152,0,2468913152,1336,1746,93245440,14737408,4048,1355,1460,2,19,108,2849,0,0,0,0
rpt-sansa: track2 / joins / join 1-N / join 1-10 100percent,1,298,4,30.6041,3,81.69,5.0,86.69,34.87,0.28,2468913152,0,2468913152,1336,1747,93245440,14745600,4048,1355,1464,2,19,108,2849,0,0,0,0
rpt-sansa: track2 / joins / join 1-N / join 1-10 100percent,1,299,4,30.706,3,82.1,5.0,87.1,34.87,0.28,2468913152,0,2468913152,1336,1747,93245440,14745600,4048,1355,1464,2,19,108,2849,0,0,0,0
rpt-sansa: track2 / joins / join 1-N / join 1-10 100percent,1,300,4,30.8079,3,82.5,5.0,87.5,34.87,0.28,2468913152,0,2468913152,1336,1747,93245440,14745600,4048,1355,1464,2,19,108,2849,0,0,0,0
rpt-sansa: track2 / joins / join 1-N / join 1-10 100percent,1,301,4,30.9098,3,82.91,5.01,87.92,34.87,0.28,2468913152,0,2468913152,1336,1747,93245440,14745600,4048,1355,1464,2,20,108,2919,0,0,0,0
rpt-sansa: track2 / joins / join 1-N / join 1-10 100percent,1,302,4,31.0118,3,83.31,5.01,88.32000000000001,34.87,0.28,2468913152,0,2468913152,1336,1747,93245440,14745600,4048,1355,1464,2,20,108,2919,0,0,0,0
rpt-sansa: track2 / joins / join 1-N / join 1-10 100percent,1,303,4,31.1137,3,83.72,5.01,88.73,34.87,0.28,2468913152,0,2468913152,1336,1747,93245440,14745600,4048,1355,1464,2,20,108,2919,0,0,0,0
rpt-sansa: track2 / joins / join 1-N / join 1-10 100percent,1,304,4,31.2157,3,83.99,5.03,89.02,35.0,0.28,2470195200,0,2470195200,1336,1747,93245440,14745600,4048,1355,1464,2,20,108,2919,0,0,0,0
rpt-sansa: track2 / joins / join 1-N / join 1-10 100percent,1,305,4,31.3176,3,84.32,5.04,89.36,35.07,0.28,2477293568,0,2477293568,1344,1747,93364224,14745600,4054,1355,1472,2,20,108,2919,0,0,0,0
rpt-sansa: track2 / joins / join 1-N / join 1-10 100percent,1,306,4,31.4196,3,84.66,5.06,89.72,35.11,0.28,2486517760,0,2486517760,1344,1747,93364224,14745600,4054,1355,1472,2,20,108,2919,0,0,0,0
rpt-sansa: track2 / joins / join 1-N / join 1-10 100percent,1,307,4,31.5215,3,85.06,5.06,90.12,35.12,0.28,2488324096,0,2488324096,1344,1747,93364224,14745600,4054,1355,1472,2,20,108,2919,0,0,0,0
rpt-sansa: track2 / joins / join 1-N / join 1-10 100percent,1,308,4,31.6241,3,85.44,5.07,90.50999999999999,35.13,0.28,2488725504,0,2488725504,1397,1747,95428608,14745600,4112,1355,1544,2,20,108,2919,0,0,0,0
rpt-sansa: track2 / joins / join 1-N / join 1-10 100percent,1,309,4,31.7264,3,85.85,5.07,90.91999999999999,35.13,0.28,2489786368,0,2489786368,1408,1747,96215040,14745600,4116,1355,1564,2,20,108,2919,0,0,0,0
rpt-sansa: track2 / joins / join 1-N / join 1-10 100percent,1,310,4,31.8283,3,86.22,5.08,91.3,35.15,0.28,2492395520,0,2492395520,1419,1747,97001472,14745600,4129,1355,1584,2,20,108,2919,0,0,0,0
rpt-sansa: track2 / joins / join 1-N / join 1-10 100percent,1,311,4,31.9302,3,86.61,5.1,91.71,35.15,0.28,2492624896,0,2492624896,1441,1747,98574336,14745600,4168,1355,1584,2,20,108,2919,0,0,0,0
rpt-sansa: track2 / joins / join 1-N / join 1-10 100percent,1,312,4,32.0321,3,87.0,5.12,92.12,35.15,0.28,2493743104,0,2493743104,1507,1747,103292928,14745600,4276,1355,1640,2,20,108,2919,0,0,0,0
rpt-sansa: track2 / joins / join 1-N / join 1-10 100percent,1,313,4,32.134,3,87.41,5.12,92.53,35.15,0.28,2493743104,0,2493743104,1507,1747,103292928,14745600,4276,1355,1640,2,20,108,2919,0,0,0,0
rpt-sansa: track2 / joins / join 1-N / join 1-10 100percent,1,314,4,32.2359,3,87.81,5.12,92.93,35.15,0.28,2493743104,0,2493743104,1507,1747,103292928,14745600,4276,1355,1640,2,20,108,2919,0,0,0,0
rpt-sansa: track2 / joins / join 1-N / join 1-10 100percent,1,315,4,32.3378,3,88.22,5.12,93.34,35.16,0.28,2493411328,0,2493411328,1507,1747,103292928,14745600,4276,1355,1640,2,20,108,2919,0,0,0,0
rpt-sansa: track2 / joins / join 1-N / join 1-10 100percent,1,316,4,32.4397,3,88.6,5.14,93.74,35.16,0.28,2493468672,0,2493468672,1551,1747,106438656,14745600,4414,1355,1664,2,20,108,2919,0,0,0,0
rpt-sansa: track2 / joins / join 1-N / join 1-10 100percent,1,317,4,32.5416,3,89.0,5.14,94.14,35.16,0.28,2493468672,0,2493468672,1551,1747,106438656,14745600,4414,1355,1664,2,20,108,2919,0,0,0,0
rpt-sansa: track2 / joins / join 1-N / join 1-10 100percent,1,318,4,32.6434,3,89.38,5.16,94.53999999999999,35.16,0.28,2493415424,0,2493415424,1643,1747,112799744,14745600,4689,1355,1712,2,20,108,2919,0,0,0,0
rpt-sansa: track2 / joins / join 1-N / join 1-10 100percent,1,319,4,32.7453,3,89.78,5.17,94.95,35.16,0.28,2493583360,0,2493583360,1687,1747,115945472,14745600,4831,1355,1736,2,20,108,2919,0,0,0,0
rpt-sansa: track2 / joins / join 1-N / join 1-10 100percent,1,320,4,32.8471,3,90.18,5.17,95.35000000000001,35.17,0.28,2493583360,0,2493583360,1687,1747,115945472,14745600,4831,1355,1736,2,20,108,2919,0,0,0,0
rpt-sansa: track2 / joins / join 1-N / join 1-10 100percent,1,321,4,32.9491,3,90.56,5.18,95.74000000000001,35.2,0.28,2501582848,0,2501582848,1687,1747,115945472,14745600,4831,1355,1736,2,20,108,2919,0,0,0,0
rpt-sansa: track2 / joins / join 1-N / join 1-10 100percent,1,322,4,33.051,3,90.9,5.22,96.12,35.21,0.28,2550870016,0,2550870016,1687,1747,115945472,14745600,4831,1355,1736,2,20,108,2919,0,0,0,0
rpt-sansa: track2 / joins / join 1-N / join 1-10 100percent,1,323,4,33.1529,3,91.26,5.28,96.54,35.21,0.28,2616299520,0,2616299520,1775,1747,122236928,14745600,5123,1355,1784,2,20,108,2919,0,0,0,0
rpt-sansa: track2 / joins / join 1-N / join 1-10 100percent,1,324,4,33.2547,3,91.6,5.34,96.94,35.21,0.28,2697330688,0,2697330688,1863,1747,128528384,14745600,5411,1355,1832,2,20,108,2919,0,0,0,0
rpt-sansa: track2 / joins / join 1-N / join 1-10 100percent,1,325,4,33.3566,3,91.96,5.39,97.35,35.21,0.28,2785501184,0,2785501184,1863,1747,128528384,14745600,5411,1355,1832,2,20,108,2919,0,0,0,0
rpt-sansa: track2 / joins / join 1-N / join 1-10 100percent,1,326,4,33.4584,3,92.28,5.46,97.74,35.21,0.28,2863173632,0,2863173632,1863,1749,128528384,14761984,5411,1356,1836,2,20,108,2919,0,0,0,0
rpt-sansa: track2 / joins / join 1-N / join 1-10 100percent,1,327,4,33.5602,3,92.64,5.5,98.14,35.21,0.28,2961231872,0,2961231872,1863,1749,128528384,14761984,5411,1356,1836,2,20,108,2919,0,0,0,0
rpt-sansa: track2 / joins / join 1-N / join 1-10 100percent,1,328,4,33.6622,3,93.0,5.56,98.56,35.21,0.28,3064967168,0,3064967168,1863,1749,128528384,14761984,5411,1356,1836,2,20,108,2919,0,0,0,0
rpt-sansa: track2 / joins / join 1-N / join 1-10 100percent,1,329,4,33.764,3,93.36,5.6,98.96,35.21,0.28,3130912768,0,3130912768,1889,1749,130379776,14761984,5474,1356,1856,2,20,108,2919,0,0,0,0
rpt-sansa: track2 / joins / join 1-N / join 1-10 100percent,1,330,4,33.866,3,93.74,5.63,99.36999999999999,35.22,0.28,3135610880,0,3135610880,1951,1749,134819840,14761984,5767,1356,1892,2,20,108,2919,0,0,0,0
rpt-sansa: track2 / joins / join 1-N / join 1-10 100percent,1,331,4,33.9679,3,94.11,5.64,99.75,35.23,0.28,3140038656,0,3140038656,2039,1749,141111296,14761984,6065,1356,1940,2,20,108,2919,0,0,0,0
rpt-sansa: track2 / joins / join 1-N / join 1-10 100percent,1,332,4,34.0699,3,94.52,5.64,100.16,35.24,0.28,3139858432,0,3139858432,2039,1749,141111296,14761984,6065,1356,1940,2,20,108,2919,0,0,0,0
rpt-sansa: track2 / joins / join 1-N / join 1-10 100percent,1,333,4,34.1717,3,94.91,5.65,100.56,35.24,0.28,3139858432,0,3139858432,2039,1749,141111296,14761984,6065,1356,1940,2,20,108,2919,0,0,0,0
rpt-sansa: track2 / joins / join 1-N / join 1-10 100percent,1,334,4,34.2736,3,95.3,5.67,100.97,35.24,0.28,3137703936,0,3137703936,2145,1749,148652032,14761984,6493,1356,1992,2,20,108,2919,0,0,0,0
rpt-sansa: track2 / joins / join 1-N / join 1-10 100percent,1,335,4,34.3755,3,95.69,5.68,101.37,35.24,0.28,3138908160,0,3138908160,2164,1749,149913600,14761984,6535,1356,2004,2,20,108,2919,0,0,0,0
rpt-sansa: track2 / joins / join 1-N / join 1-10 100percent,1,336,4,34.4773,3,96.02,5.76,101.78,35.24,0.28,3269967872,0,3269967872,2189,1749,151797760,14761984,6638,1356,2012,2,20,108,2919,0,0,0,0
rpt-sansa: track2 / joins / join 1-N / join 1-10 100percent,1,337,4,34.5792,3,96.36,5.82,102.18,35.24,0.28,3378368512,0,3378368512,2189,1749,151797760,14761984,6638,1356,2012,2,20,108,2919,0,0,0,0
rpt-sansa: track2 / joins / join 1-N / join 1-10 100percent,1,338,4,34.6811,3,96.78,5.82,102.6,35.24,0.28,3378425856,0,3378425856,2233,1749,154943488,14761984,6775,1356,2036,2,20,108,2919,0,0,0,0
rpt-sansa: track2 / joins / join 1-N / join 1-10 100percent,1,339,4,34.7829,3,97.16,5.84,103.0,35.24,0.28,3377881088,0,3377881088,2321,1749,161234944,14761984,7071,1356,2084,2,20,108,2919,0,0,0,0
rpt-sansa: track2 / joins / join 1-N / join 1-10 100percent,1,340,4,34.8848,3,97.57,5.84,103.41,35.24,0.28,3377582080,0,3377582080,2321,1749,161234944,14761984,7071,1356,2084,2,20,108,2919,0,0,0,0
rpt-sansa: track2 / joins / join 1-N / join 1-10 100percent,1,341,4,34.9866,3,97.95,5.86,103.81,35.24,0.28,3378212864,0,3378212864,2365,1749,164380672,14761984,7210,1356,2108,2,20,108,2919,0,0,0,0
rpt-sansa: track2 / joins / join 1-N / join 1-10 100percent,1,342,4,35.0884,3,98.36,5.86,104.22,35.24,0.28,3377496064,0,3377496064,2409,1749,167526400,14761984,7359,1356,2132,2,20,108,2919,0,0,0,0
rpt-sansa: track2 / joins / join 1-N / join 1-10 100percent,1,343,4,35.1904,3,98.75,5.88,104.63,35.24,0.28,3377553408,0,3377553408,2453,1749,170672128,14761984,7498,1356,2156,2,20,108,2919,0,0,0,0
rpt-sansa: track2 / joins / join 1-N / join 1-10 100percent,1,344,4,35.2923,3,99.15,5.88,105.03,35.24,0.28,3377418240,0,3377418240,2497,1749,173699072,14761984,7651,1356,2180,2,20,108,2919,0,0,0,0
rpt-sansa: track2 / joins / join 1-N / join 1-10 100percent,1,345,4,35.3942,3,99.52,5.92,105.44,35.24,0.28,3471835136,0,3471835136,2497,1749,173699072,14761984,7651,1356,2180,2,20,108,2919,0,0,0,0
rpt-sansa: track2 / joins / join 1-N / join 1-10 100percent,1,346,4,35.4962,3,99.89,5.93,105.82,35.26,0.28,3481186304,0,3481186304,2497,1890,173699072,15450112,7651,1473,2200,2,20,108,2919,0,0,0,0
rpt-sansa: track2 / joins / join 1-N / join 1-10 100percent,1,347,4,35.5981,3,100.29,5.95,106.24000000000001,35.26,0.28,3484024832,0,3484024832,2541,1890,176734208,15450112,7788,1473,2224,2,20,108,2919,0,0,0,0
rpt-sansa: track2 / joins / join 1-N / join 1-10 100percent,1,348,4,35.7,3,100.68,5.96,106.64,35.26,0.28,3483078656,0,3483078656,2586,1890,179810304,15450112,7923,1473,2252,2,20,108,2919,0,0,0,0
rpt-sansa: track2 / joins / join 1-N / join 1-10 100percent,1,349,4,35.8019,3,101.09,5.96,107.05,35.26,0.28,3483852800,0,3483852800,2586,1893,179810304,16457728,7923,1474,2256,2,20,108,2919,0,0,0,0
rpt-sansa: track2 / joins / join 1-N / join 1-10 100percent,1,350,4,35.9038,3,101.48,5.96,107.44,35.26,0.28,3484299264,0,3484299264,2586,1893,179810304,16457728,7923,1474,2256,2,20,108,2919,0,0,0,0
rpt-sansa: track2 / joins / join 1-N / join 1-10 100percent,1,351,4,36.0057,3,101.82,5.97,107.78999999999999,35.34,0.28,3485073408,0,3485073408,2587,1893,179859456,16457728,7923,1474,2260,2,20,108,2919,0,0,0,0
rpt-sansa: track2 / joins / join 1-N / join 1-10 100percent,1,352,4,36.1082,3,102.13,5.98,108.11,35.42,0.28,3485073408,0,3485073408,2587,1893,179859456,16457728,7923,1474,2260,2,20,108,2919,0,0,0,0
rpt-sansa: track2 / joins / join 1-N / join 1-10 100percent,1,353,4,36.2107,3,102.5,5.98,108.48,35.46,0.28,3485130752,0,3485130752,2589,1893,179957760,16457728,7923,1474,2264,2,20,108,2919,0,0,0,0
rpt-sansa: track2 / joins / join 1-N / join 1-10 100percent,1,354,4,36.3127,3,102.92,5.98,108.9,35.46,0.28,3484938240,0,3484938240,2589,1893,179957760,16457728,7923,1474,2264,2,20,108,2919,0,0,0,0
rpt-sansa: track2 / joins / join 1-N / join 1-10 100percent,1,355,4,36.4145,3,103.31,5.99,109.3,35.46,0.28,3485196288,0,3485196288,2589,1893,179957760,16457728,7923,1474,2264,2,20,108,2919,0,0,0,0
rpt-sansa: track2 / joins / join 1-N / join 1-10 100percent,1,356,4,36.5164,3,103.64,5.99,109.63,35.55,0.28,3485196288,0,3485196288,2589,1893,179957760,16457728,7923,1474,2264,2,20,108,2919,0,0,0,0
rpt-sansa: track2 / joins / join 1-N / join 1-10 100percent,1,357,4,36.6183,3,103.98,5.99,109.97,35.59,0.28,3485167616,0,3485167616,2589,1893,179957760,16457728,7923,1474,2264,2,20,108,2919,0,0,0,0
rpt-sansa: track2 / joins / join 1-N / join 1-10 100percent,1,358,4,36.7206,3,104.3,6.0,110.3,35.68,0.28,3485454336,0,3485454336,2589,1893,179957760,16457728,7923,1474,2264,2,20,108,2919,0,0,0,0
rpt-sansa: track2 / joins / join 1-N / join 1-10 100percent,1,359,4,36.8225,3,104.62,6.0,110.62,35.77,0.28,3485483008,0,3485483008,2589,1893,179957760,16457728,7923,1474,2264,2,20,108,2919,0,0,0,0
rpt-sansa: track2 / joins / join 1-N / join 1-10 100percent,1,360,4,36.9252,3,104.93,6.0,110.93,35.86,0.28,3485319168,0,3485319168,2589,1893,179957760,16457728,7923,1474,2264,2,20,108,2919,0,0,0,0
rpt-sansa: track2 / joins / join 1-N / join 1-10 100percent,1,361,4,37.0272,3,105.04,6.0,111.04,36.15,0.28,3485237248,0,3485237248,2589,1893,179957760,16457728,7923,1474,2264,2,20,108,2919,0,0,0,0
rpt-sansa: track2 / joins / join 1-N / join 1-10 100percent,1,362,4,37.1291,3,105.18,6.0,111.18,36.41,0.28,3485208576,0,3485208576,2589,1893,179957760,16457728,7923,1474,2264,2,20,108,2919,0,0,0,0
rpt-sansa: track2 / joins / join 1-N / join 1-10 100percent,1,363,4,37.231,3,105.54,6.03,111.57000000000001,36.43,0.28,3486494720,0,3486494720,2589,1893,179957760,16457728,7923,1474,2264,2,20,108,2919,0,0,0,0
rpt-sansa: track2 / joins / join 1-N / join 1-10 100percent,1,364,4,37.333,3,105.92,6.04,111.96000000000001,36.45,0.28,3487969280,0,3487969280,2589,1893,179957760,16457728,7923,1474,2264,2,20,108,2919,0,0,0,0
rpt-sansa: track2 / joins / join 1-N / join 1-10 100percent,1,365,4,37.4349,3,106.32,6.04,112.36,36.45,0.28,3487965184,0,3487965184,2589,1893,179957760,16457728,7923,1474,2264,2,20,108,2919,0,0,0,0
rpt-sansa: track2 / joins / join 1-N / join 1-10 100percent,1,366,4,37.5368,3,106.74,6.04,112.78,36.45,0.28,3490545664,0,3490545664,2589,1893,179957760,16457728,7923,1474,2264,2,20,108,2919,0,0,0,0
rpt-sansa: track2 / joins / join 1-N / join 1-10 100percent,1,367,4,37.6386,3,107.13,6.05,113.17999999999999,36.45,0.28,3490803712,0,3490803712,2589,1893,179957760,16457728,7923,1474,2264,2,20,108,2919,0,0,0,0
rpt-sansa: track2 / joins / join 1-N / join 1-10 100percent,1,368,4,37.7405,3,107.52,6.06,113.58,36.45,0.28,3491061760,0,3491061760,2589,1893,179957760,16457728,7923,1474,2264,2,20,108,2919,0,0,0,0
rpt-sansa: track2 / joins / join 1-N / join 1-10 100percent,1,369,4,37.8424,3,107.92,6.07,113.99000000000001,36.45,0.28,3491061760,0,3491061760,2589,1893,179957760,16457728,7923,1474,2264,2,20,108,2919,0,0,0,0
rpt-sansa: track2 / joins / join 1-N / join 1-10 100percent,1,370,4,37.9444,3,108.33,6.07,114.4,36.45,0.28,3493900288,0,3493900288,2589,1893,179957760,16457728,7923,1474,2264,2,20,108,2919,0,0,0,0
rpt-sansa: track2 / joins / join 1-N / join 1-10 100percent,1,371,4,38.0462,3,108.73,6.07,114.80000000000001,36.45,0.28,3493900288,0,3493900288,2589,1893,179957760,16457728,7923,1474,2264,2,20,108,2919,0,0,0,0
rpt-sansa: track2 / joins / join 1-N / join 1-10 100percent,1,372,4,38.1482,3,109.13,6.07,115.19999999999999,36.46,0.28,3495964672,0,3495964672,2589,1893,179957760,16457728,7923,1474,2264,2,20,108,2919,0,0,0,0
rpt-sansa: track2 / joins / join 1-N / join 1-10 100percent,1,373,4,38.2501,3,109.54,6.07,115.61000000000001,36.46,0.28,3495964672,0,3495964672,2589,1893,179957760,16457728,7923,1474,2264,2,20,108,2919,0,0,0,0
rpt-sansa: track2 / joins / join 1-N / join 1-10 100percent,1,374,4,38.3519,3,109.92,6.09,116.01,36.47,0.28,3496763392,0,3496763392,2589,1893,179957760,16457728,7923,1474,2264,2,20,108,2919,0,0,0,0
rpt-sansa: track2 / joins / join 1-N / join 1-10 100percent,1,375,4,38.4538,3,110.29,6.13,116.42,36.47,0.28,3499196416,0,3499196416,2589,1893,179957760,16457728,7923,1474,2264,2,20,108,2919,0,0,0,0
rpt-sansa: track2 / joins / join 1-N / join 1-10 100percent,1,376,4,38.5556,3,110.69,6.13,116.82,36.47,0.28,3499196416,0,3499196416,2589,1894,179957760,16478208,7923,1474,2268,2,20,108,2919,0,0,0,0
rpt-sansa: track2 / joins / join 1-N / join 1-10 100percent,1,377,4,38.6576,3,111.1,6.13,117.22999999999999,36.48,0.28,3499491328,0,3499491328,2589,1894,179957760,16478208,7923,1474,2268,2,20,108,2919,0,0,0,0
rpt-sansa: track2 / joins / join 1-N / join 1-10 100percent,1,378,4,38.7596,3,111.5,6.14,117.64,36.48,0.28,3499864064,0,3499864064,2589,1894,179957760,16478208,7923,1474,2268,2,20,108,2919,0,0,0,0
rpt-sansa: track2 / joins / join 1-N / join 1-10 100percent,1,379,4,38.8616,3,111.9,6.14,118.04,36.48,0.28,3499507712,0,3499507712,2589,1894,179957760,16478208,7923,1474,2268,2,20,108,2919,0,0,0,0
rpt-sansa: track2 / joins / join 1-N / join 1-10 100percent,1,380,4,38.9634,3,112.28,6.16,118.44,36.48,0.28,3501424640,0,3501424640,2589,1894,179957760,16478208,7923,1474,2268,2,20,108,2919,0,0,0,0
rpt-sansa: track2 / joins / join 1-N / join 1-10 100percent,1,381,4,39.0653,3,112.7,6.16,118.86,36.48,0.28,3501252608,0,3501252608,2589,1894,179957760,16478208,7923,1474,2268,2,20,108,2919,0,0,0,0
rpt-sansa: track2 / joins / join 1-N / join 1-10 100percent,1,382,4,39.1672,3,113.09,6.17,119.26,36.49,0.28,3501662208,0,3501662208,2589,1894,179957760,16478208,7923,1474,2268,2,20,108,2919,0,0,0,0
rpt-sansa: track2 / joins / join 1-N / join 1-10 100percent,1,383,4,39.2691,3,113.5,6.18,119.68,36.49,0.28,3501518848,0,3501518848,2589,1895,179957760,16482304,7923,1474,2276,2,20,108,2919,0,0,0,0
rpt-sansa: track2 / joins / join 1-N / join 1-10 100percent,1,384,4,39.371,3,113.86,6.21,120.07,36.5,0.28,3502108672,0,3502108672,2589,1895,179957760,16482304,7923,1474,2276,2,20,108,2919,0,0,0,0
rpt-sansa: track2 / joins / join 1-N / join 1-10 100percent,1,385,4,39.4728,3,114.1,6.24,120.33999999999999,36.63,0.28,3501944832,0,3501944832,2589,1895,179957760,16482304,7923,1474,2276,2,20,108,2919,0,0,0,0
rpt-sansa: track2 / joins / join 1-N / join 1-10 100percent,1,386,4,39.5746,3,114.24,6.27,120.50999999999999,36.84,0.28,3517595648,0,3517595648,2589,1895,179957760,16482304,7923,1474,2276,2,20,108,2919,0,0,0,0
rpt-sansa: track2 / joins / join 1-N / join 1-10 100percent,1,387,4,39.6766,3,114.24,6.27,120.50999999999999,37.24,0.28,3517865984,0,3517865984,2589,1895,179957760,16482304,7923,1474,2276,2,20,108,2919,0,0,0,0
rpt-sansa: track2 / joins / join 1-N / join 1-10 100percent,1,388,4,39.7787,3,114.24,6.27,120.50999999999999,37.65,0.28,3517865984,0,3517865984,2589,1895,179957760,16482304,7923,1474,2276,2,20,108,2919,0,0,0,0
rpt-sansa: track2 / joins / join 1-N / join 1-10 100percent,1,389,4,39.8807,3,114.24,6.27,120.50999999999999,38.05,0.28,3517865984,0,3517865984,2589,1895,179957760,16482304,7923,1474,2276,2,20,108,2919,0,0,0,0
rpt-sansa: track2 / joins / join 1-N / join 1-10 100percent,1,390,4,39.9826,3,114.24,6.37,120.61,38.36,0.28,2251010048,0,2251010048,2589,1895,179957760,16482304,7923,1474,2276,2,20,108,2919,0,0,0,0
rpt-sansa: track2 / joins / join 1-N / join 1-10 100percent,1,391,4,40.0846,3,114.24,6.48,120.72,38.66,0.28,731222016,0,731222016,2589,1895,179957760,16482304,7923,1474,2276,2,20,108,2919,0,0,0,0
rpt-sansa: track2 / joins / join 1-N / join 1-10 100percent,1,392,4,40.1866,3,114.26,6.54,120.80000000000001,38.96,0.29,503656448,0,503656448,2589,1925,179957760,16625664,7923,1489,2300,2,10,108,2043,0,0,0,0
rpt-sansa: track2 / joins / join 1-N / join 1-10 100percent,1,393,4,40.2892,3,114.29,6.58,120.87,39.24,0.31,496242688,0,496242688,2589,2119,179957760,18817024,7923,1668,2332,2,10,108,2043,0,0,0,0
